-- MySQL Script generated by MySQL Workbench
-- Sun Jan 24 18:45:21 2021
-- Model: New Model    Version: 1.0
-- MySQL Workbench Forward Engineering

SET @OLD_UNIQUE_CHECKS=@@UNIQUE_CHECKS, UNIQUE_CHECKS=0;
SET @OLD_FOREIGN_KEY_CHECKS=@@FOREIGN_KEY_CHECKS, FOREIGN_KEY_CHECKS=0;
SET @OLD_SQL_MODE=@@SQL_MODE, SQL_MODE='ONLY_FULL_GROUP_BY,STRICT_TRANS_TABLES,NO_ZERO_IN_DATE,NO_ZERO_DATE,ERROR_FOR_DIVISION_BY_ZERO,NO_ENGINE_SUBSTITUTION';

-- -----------------------------------------------------
-- Schema BurgerCity
-- -----------------------------------------------------

-- -----------------------------------------------------
-- Schema BurgerCity
-- -----------------------------------------------------
CREATE SCHEMA IF NOT EXISTS `BurgerCity` DEFAULT CHARACTER SET utf8 ;
USE `BurgerCity` ;

-- -----------------------------------------------------
-- Table `BurgerCity`.`Products`
-- -----------------------------------------------------
CREATE TABLE IF NOT EXISTS `BurgerCity`.`Products` (
  `productsId` INT NOT NULL AUTO_INCREMENT,
  `createdAt` TIMESTAMP NOT NULL DEFAULT CURRENT_TIMESTAMP,
  `updatedAt` TIMESTAMP NULL ON UPDATE CURRENT_TIMESTAMP,
  `description` VARCHAR(255) NOT NULL,
  `pictureURL` VARCHAR(255) NOT NULL,
  `altText` VARCHAR(255) NOT NULL,
  `favorites` TINYINT NOT NULL,
  `price` DECIMAL(15,2) NULL,
  PRIMARY KEY (`productsId`))
ENGINE = InnoDB;


-- -----------------------------------------------------
-- Table `BurgerCity`.`Category`
-- -----------------------------------------------------
CREATE TABLE IF NOT EXISTS `BurgerCity`.`Category` (
  `categoryId` INT NOT NULL AUTO_INCREMENT,
  `createdAt` TIMESTAMP NOT NULL DEFAULT CURRENT_TIMESTAMP,
  `updatedAt` TIMESTAMP NULL ON UPDATE CURRENT_TIMESTAMP,
  `categoryName` VARCHAR(255) NOT NULL,
  `description` VARCHAR(45) NULL,
  PRIMARY KEY (`categoryId`));


-- -----------------------------------------------------
-- Table `BurgerCity`.`CategoryHelper`
-- -----------------------------------------------------
CREATE TABLE IF NOT EXISTS `BurgerCity`.`CategoryHelper` (
  `categoryHelperId` INT NOT NULL AUTO_INCREMENT,
  `createdAt` TIMESTAMP NOT NULL DEFAULT CURRENT_TIMESTAMP,
  `updatedAt` TIMESTAMP NULL ON UPDATE CURRENT_TIMESTAMP,
  `Products_productsId` INT NOT NULL,
  `Category_categoryId` INT NOT NULL,
  PRIMARY KEY (`categoryHelperId`),
  INDEX `fk_CategoryHelper_Products1_idx` (`Products_productsId` ASC),
  INDEX `fk_CategoryHelper_Category1_idx` (`Category_categoryId` ASC),
  CONSTRAINT `fk_CategoryHelper_Products1`
    FOREIGN KEY (`Products_productsId`)
    REFERENCES `BurgerCity`.`Products` (`productsId`)
    ON DELETE NO ACTION
    ON UPDATE NO ACTION,
  CONSTRAINT `fk_CategoryHelper_Category1`
    FOREIGN KEY (`Category_categoryId`)
    REFERENCES `BurgerCity`.`Category` (`categoryId`)
    ON DELETE NO ACTION
    ON UPDATE NO ACTION);


-- -----------------------------------------------------
-- Table `BurgerCity`.`Account`
-- -----------------------------------------------------
CREATE TABLE IF NOT EXISTS `BurgerCity`.`Account` (
  `accountId` INT NOT NULL AUTO_INCREMENT,
  `createdAt` TIMESTAMP NOT NULL DEFAULT CURRENT_TIMESTAMP,
  `updatedAt` TIMESTAMP NULL ON UPDATE CURRENT_TIMESTAMP,
  `email` VARCHAR(320) NOT NULL,
  `passwordHash` VARCHAR(255) NOT NULL,
  `birthday` DATE NOT NULL,
  `firstName` VARCHAR(50) NOT NULL,
  `lastName` VARCHAR(50) NOT NULL,
  `phoneNumber` VARCHAR(50) NOT NULL,
  `isAdmin` TINYINT NOT NULL,
  PRIMARY KEY (`accountId`),
  UNIQUE INDEX `email_UNIQUE` (`email` ASC));


-- -----------------------------------------------------
-- Table `BurgerCity`.`Adress`
-- -----------------------------------------------------
CREATE TABLE IF NOT EXISTS `BurgerCity`.`Adress` (
  `adressId` INT NOT NULL AUTO_INCREMENT,
  `createdAt` TIMESTAMP NOT NULL DEFAULT CURRENT_TIMESTAMP,
  `updatedAt` TIMESTAMP NULL ON UPDATE CURRENT_TIMESTAMP,
  `zipCode` VARCHAR(12) NOT NULL,
  `city` VARCHAR(60) NOT NULL,
  `street` VARCHAR(200) NOT NULL,
  `number` VARCHAR(10) NOT NULL,
  PRIMARY KEY (`adressId`));


-- -----------------------------------------------------
-- Table `BurgerCity`.`Orders`
-- -----------------------------------------------------
CREATE TABLE IF NOT EXISTS `BurgerCity`.`Orders` (
  `orderId` INT NOT NULL AUTO_INCREMENT,
  `createdAt` TIMESTAMP NOT NULL DEFAULT CURRENT_TIMESTAMP,
  `updatedAt` TIMESTAMP NULL ON UPDATE CURRENT_TIMESTAMP,
  `orderDate` DATE NOT NULL,
  `deliveryInformation` VARCHAR(255) NULL,
  `Account_accountId` INT NOT NULL,
  `Adress_adressId` INT NOT NULL,
  PRIMARY KEY (`orderId`),
  INDEX `fk_Orders_Account1_idx` (`Account_accountId` ASC),
  INDEX `fk_Orders_Adress1_idx` (`Adress_adressId` ASC),
  CONSTRAINT `fk_Orders_Account1`
    FOREIGN KEY (`Account_accountId`)
    REFERENCES `BurgerCity`.`Account` (`accountId`)
    ON DELETE NO ACTION
    ON UPDATE NO ACTION,
  CONSTRAINT `fk_Orders_Adress1`
    FOREIGN KEY (`Adress_adressId`)
    REFERENCES `BurgerCity`.`Adress` (`adressId`)
    ON DELETE NO ACTION
    ON UPDATE NO ACTION);


-- -----------------------------------------------------
-- Table `BurgerCity`.`OrderItems`
-- -----------------------------------------------------
CREATE TABLE IF NOT EXISTS `BurgerCity`.`OrderItems` (
  `ordersItemsId` INT NOT NULL AUTO_INCREMENT,
  `createdAt` TIMESTAMP NOT NULL DEFAULT CURRENT_TIMESTAMP,
  `updatedAt` TIMESTAMP NULL ON UPDATE CURRENT_TIMESTAMP,
  `quantity` INT NOT NULL,
  `Orders_orderId` INT NOT NULL,
  `Products_productsId` INT NOT NULL,
  PRIMARY KEY (`ordersItemsId`),
  INDEX `fk_OrderItems_Orders1_idx` (`Orders_orderId` ASC),
  INDEX `fk_OrderItems_Products1_idx` (`Products_productsId` ASC),
  CONSTRAINT `fk_OrderItems_Orders1`
    FOREIGN KEY (`Orders_orderId`)
    REFERENCES `BurgerCity`.`Orders` (`orderId`)
    ON DELETE NO ACTION
    ON UPDATE NO ACTION,
  CONSTRAINT `fk_OrderItems_Products1`
    FOREIGN KEY (`Products_productsId`)
    REFERENCES `BurgerCity`.`Products` (`productsId`)
    ON DELETE NO ACTION
    ON UPDATE NO ACTION);


-- -----------------------------------------------------
-- Table `BurgerCity`.`AdressHelper`
-- -----------------------------------------------------
CREATE TABLE IF NOT EXISTS `BurgerCity`.`AdressHelper` (
  `adressHelperId` INT NOT NULL AUTO_INCREMENT,
  `createdAt` TIMESTAMP NOT NULL DEFAULT CURRENT_TIMESTAMP,
  `updatedAt` TIMESTAMP NULL ON UPDATE CURRENT_TIMESTAMP,
  `Account_accountId` INT NOT NULL,
  `Adress_adressId` INT NOT NULL,
  PRIMARY KEY (`adressHelperId`),
  INDEX `fk_AdressHelper_Account_idx` (`Account_accountId` ASC),
  INDEX `fk_AdressHelper_Adress1_idx` (`Adress_adressId` ASC),
  CONSTRAINT `fk_AdressHelper_Account`
    FOREIGN KEY (`Account_accountId`)
    REFERENCES `BurgerCity`.`Account` (`accountId`)
    ON DELETE NO ACTION
    ON UPDATE NO ACTION,
  CONSTRAINT `fk_AdressHelper_Adress1`
    FOREIGN KEY (`Adress_adressId`)
    REFERENCES `BurgerCity`.`Adress` (`adressId`)
    ON DELETE NO ACTION
    ON UPDATE NO ACTION);


-- -----------------------------------------------------
-- Table `BurgerCity`.`Ingedients`
-- -----------------------------------------------------
CREATE TABLE IF NOT EXISTS `BurgerCity`.`Ingedients` (
  `ingedientsId` INT NOT NULL AUTO_INCREMENT,
  `createdAt` TIMESTAMP NOT NULL DEFAULT CURRENT_TIMESTAMP,
  `updatedAt` TIMESTAMP NULL ON UPDATE CURRENT_TIMESTAMP,
  `description` VARCHAR(255) NOT NULL,
  `foodtype` VARCHAR(45) NOT NULL,
  PRIMARY KEY (`ingedientsId`));


-- -----------------------------------------------------
-- Table `BurgerCity`.`ProductHelper`
-- -----------------------------------------------------
CREATE TABLE IF NOT EXISTS `BurgerCity`.`ProductHelper` (
  `productHelperId` INT NOT NULL AUTO_INCREMENT,
  `createdAt` TIMESTAMP NOT NULL DEFAULT CURRENT_TIMESTAMP,
  `updatedAt` TIMESTAMP NULL ON UPDATE CURRENT_TIMESTAMP,
  `Products_productsId` INT NOT NULL,
  `Ingedients_ingedientsId` INT NOT NULL,
  PRIMARY KEY (`productHelperId`),
  INDEX `fk_ProductHelper_Products1_idx` (`Products_productsId` ASC),
  INDEX `fk_ProductHelper_Ingedients1_idx` (`Ingedients_ingedientsId` ASC),
  CONSTRAINT `fk_ProductHelper_Products1`
    FOREIGN KEY (`Products_productsId`)
    REFERENCES `BurgerCity`.`Products` (`productsId`)
    ON DELETE NO ACTION
    ON UPDATE NO ACTION,
  CONSTRAINT `fk_ProductHelper_Ingedients1`
    FOREIGN KEY (`Ingedients_ingedientsId`)
    REFERENCES `BurgerCity`.`Ingedients` (`ingedientsId`)
    ON DELETE NO ACTION
    ON UPDATE NO ACTION);


SET SQL_MODE=@OLD_SQL_MODE;
SET FOREIGN_KEY_CHECKS=@OLD_FOREIGN_KEY_CHECKS;
SET UNIQUE_CHECKS=@OLD_UNIQUE_CHECKS;

-- -----------------------------------------------------
-- Data for table `BurgerCity`.`Products`
-- -----------------------------------------------------
START TRANSACTION;
USE `BurgerCity`;
INSERT INTO `BurgerCity`.`Products` (`productsId`, `createdAt`, `updatedAt`, `description`, `pictureURL`, `altText`, `favorites`, `price`) VALUES (1, '15.01.2021/20.15', NULL, 'Hamburger', 'Hamburger.png', 'Hamburger', DEFAULT, 6.99);
INSERT INTO `BurgerCity`.`Products` (`productsId`, `createdAt`, `updatedAt`, `description`, `pictureURL`, `altText`, `favorites`, `price`) VALUES (2, '15.01.2021/20.15', NULL, 'Cheeseburger', 'Cheeseburger.png', 'Cheeseburger', DEFAULT, 6.99);
INSERT INTO `BurgerCity`.`Products` (`productsId`, `createdAt`, `updatedAt`, `description`, `pictureURL`, `altText`, `favorites`, `price`) VALUES (3, '15.01.2021/20.15', NULL, 'Italian Burger', 'Italian_Burger.png', 'Italian Burger', DEFAULT, 6.99);
INSERT INTO `BurgerCity`.`Products` (`productsId`, `createdAt`, `updatedAt`, `description`, `pictureURL`, `altText`, `favorites`, `price`) VALUES (4, '15.01.2021/20.15', NULL, 'Chicken Burger', 'Chicken_Burger.png', 'Chicken Burger', DEFAULT, 6.99);
INSERT INTO `BurgerCity`.`Products` (`productsId`, `createdAt`, `updatedAt`, `description`, `pictureURL`, `altText`, `favorites`, `price`) VALUES (5, '15.01.2021/20.15', NULL, 'Double Beef', 'Double_Beef.png', 'Double Beef', DEFAULT, 8.99);
INSERT INTO `BurgerCity`.`Products` (`productsId`, `createdAt`, `updatedAt`, `description`, `pictureURL`, `altText`, `favorites`, `price`) VALUES (6, '15.01.2021/20.15', NULL, 'Veggy Burger', 'Veggy_Burger.png', 'Veggie Burger', DEFAULT, 6.99);
INSERT INTO `BurgerCity`.`Products` (`productsId`, `createdAt`, `updatedAt`, `description`, `pictureURL`, `altText`, `favorites`, `price`) VALUES (7, '15.01.2021/20.15', NULL, 'Halloumi Burger', 'Halloumi_Burger.png', 'Halloumi Burger', DEFAULT, 8.99);
INSERT INTO `BurgerCity`.`Products` (`productsId`, `createdAt`, `updatedAt`, `description`, `pictureURL`, `altText`, `favorites`, `price`) VALUES (8, '15.01.2021/20.15', NULL, 'Double Chili Burger', 'Double_Chili Burger.png', 'Double Chili Burger', DEFAULT, 8.99);
INSERT INTO `BurgerCity`.`Products` (`productsId`, `createdAt`, `updatedAt`, `description`, `pictureURL`, `altText`, `favorites`, `price`) VALUES (9, '15.01.2021/20.15', NULL, 'Double Cicken', 'Double_Chicken.png', 'Double Cicken', DEFAULT, 8.99);
INSERT INTO `BurgerCity`.`Products` (`productsId`, `createdAt`, `updatedAt`, `description`, `pictureURL`, `altText`, `favorites`, `price`) VALUES (10, '15.01.2021/20.15', NULL, 'Triple Cheeseburger', 'Tripple_Cheeseburger.png', 'Triple Cheeseburger', DEFAULT, 8.99);
INSERT INTO `BurgerCity`.`Products` (`productsId`, `createdAt`, `updatedAt`, `description`, `pictureURL`, `altText`, `favorites`, `price`) VALUES (11, '15.01.2021/20.15', NULL, 'German Burger', 'German_Burger.png', 'German Burger', DEFAULT, 9.99);
INSERT INTO `BurgerCity`.`Products` (`productsId`, `createdAt`, `updatedAt`, `description`, `pictureURL`, `altText`, `favorites`, `price`) VALUES (13, '15.01.2021/20.15', NULL, 'BBQ Burger', 'BBQ_Burger.png', 'BBQ Burger', DEFAULT, 9.99);
INSERT INTO `BurgerCity`.`Products` (`productsId`, `createdAt`, `updatedAt`, `description`, `pictureURL`, `altText`, `favorites`, `price`) VALUES (14, '15.01.2021/20.15', NULL, 'water', 'assets/images', 'water', DEFAULT, 1.50);
INSERT INTO `BurgerCity`.`Products` (`productsId`, `createdAt`, `updatedAt`, `description`, `pictureURL`, `altText`, `favorites`, `price`) VALUES (15, '15.01.2021/20.15', NULL, 'cola', 'assets/images', 'cola', DEFAULT, 2.50);
INSERT INTO `BurgerCity`.`Products` (`productsId`, `createdAt`, `updatedAt`, `description`, `pictureURL`, `altText`, `favorites`, `price`) VALUES (16, '15.01.2021/20.15', NULL, 'cola light', 'assets/images', 'cola light', DEFAULT, 2.50);
INSERT INTO `BurgerCity`.`Products` (`productsId`, `createdAt`, `updatedAt`, `description`, `pictureURL`, `altText`, `favorites`, `price`) VALUES (17, '15.01.2021/20.15', NULL, 'coffee', 'assets/images', 'coffee', DEFAULT, 3.00);
INSERT INTO `BurgerCity`.`Products` (`productsId`, `createdAt`, `updatedAt`, `description`, `pictureURL`, `altText`, `favorites`, `price`) VALUES (18, '15.01.2021/20.15', NULL, 'tea', 'assets/images', 'tea', DEFAULT, 3.00);
INSERT INTO `BurgerCity`.`Products` (`productsId`, `createdAt`, `updatedAt`, `description`, `pictureURL`, `altText`, `favorites`, `price`) VALUES (19, '15.01.2021/20.15', NULL, 'lemonade', 'assets/images', 'lemonade', DEFAULT, 3.00);
INSERT INTO `BurgerCity`.`Products` (`productsId`, `createdAt`, `updatedAt`, `description`, `pictureURL`, `altText`, `favorites`, `price`) VALUES (20, '15.01.2021/20.15', NULL, 'potato fries', 'potato_fries.png', 'potato fries', DEFAULT, 3.00);
INSERT INTO `BurgerCity`.`Products` (`productsId`, `createdAt`, `updatedAt`, `description`, `pictureURL`, `altText`, `favorites`, `price`) VALUES (21, '15.01.2021/20.15', NULL, 'sweet potato fries', 'sweet_potato_fries.png', 'sweet potato fries', DEFAULT, 4.00);
INSERT INTO `BurgerCity`.`Products` (`productsId`, `createdAt`, `updatedAt`, `description`, `pictureURL`, `altText`, `favorites`, `price`) VALUES (22, '15.01.2021/20.15', NULL, 'potato wedges', 'potato_wedges.png', 'potato wedges', DEFAULT, 3.00);
INSERT INTO `BurgerCity`.`Products` (`productsId`, `createdAt`, `updatedAt`, `description`, `pictureURL`, `altText`, `favorites`, `price`) VALUES (23, '15.01.2021/20.15', NULL, 'chicken rolls', 'chicken_rolls.png', 'chicken rolls', DEFAULT, 4.00);
INSERT INTO `BurgerCity`.`Products` (`productsId`, `createdAt`, `updatedAt`, `description`, `pictureURL`, `altText`, `favorites`, `price`) VALUES (24, '15.01.2021/20.15', NULL, 'cheese buns', 'buns_with_cheese.png', 'cheese buns', DEFAULT, 4.00);
INSERT INTO `BurgerCity`.`Products` (`productsId`, `createdAt`, `updatedAt`, `description`, `pictureURL`, `altText`, `favorites`, `price`) VALUES (25, '15.01.2021/20.15', NULL, 'cinnamon rolls', 'cinnamon_rolls.png', 'cinnamon rolls', DEFAULT, 4.00);
INSERT INTO `BurgerCity`.`Products` (`productsId`, `createdAt`, `updatedAt`, `description`, `pictureURL`, `altText`, `favorites`, `price`) VALUES (26, '15.01.2021/20.15', NULL, 'chocolate rolls', 'chocolate_rolls.png', 'chocolate rolls', DEFAULT, 3.50);
INSERT INTO `BurgerCity`.`Products` (`productsId`, `createdAt`, `updatedAt`, `description`, `pictureURL`, `altText`, `favorites`, `price`) VALUES (27, '15.01.2021/20.15', NULL, 'Ben & Jerrys ice cream', 'Ben_Jerrys.png', 'Ben & Jerrys ice cream', DEFAULT, 5.99);

COMMIT;


-- -----------------------------------------------------
-- Data for table `BurgerCity`.`Category`
-- -----------------------------------------------------
START TRANSACTION;
USE `BurgerCity`;
INSERT INTO `BurgerCity`.`Category` (`categoryId`, `createdAt`, `updatedAt`, `categoryName`, `description`) VALUES (2, DEFAULT, NULL, 'Snacks', 'some delicious snacks from our kitchen');
INSERT INTO `BurgerCity`.`Category` (`categoryId`, `createdAt`, `updatedAt`, `categoryName`, `description`) VALUES (3, DEFAULT, NULL, 'Desserts', 'food for sweet lovers');
INSERT INTO `BurgerCity`.`Category` (`categoryId`, `createdAt`, `updatedAt`, `categoryName`, `description`) VALUES (4, DEFAULT, NULL, 'Drinks', 'cold and hot drinks');
INSERT INTO `BurgerCity`.`Category` (`categoryId`, `createdAt`, `updatedAt`, `categoryName`, `description`) VALUES (1, DEFAULT, NULL, 'Burger', 'our best burgers');

COMMIT;


-- -----------------------------------------------------
-- Data for table `BurgerCity`.`CategoryHelper`
-- -----------------------------------------------------
START TRANSACTION;
USE `BurgerCity`;
INSERT INTO `BurgerCity`.`CategoryHelper` (`categoryHelperId`, `createdAt`, `updatedAt`, `Products_productsId`, `Category_categoryId`) VALUES (1, DEFAULT, NULL, 1, 1);
INSERT INTO `BurgerCity`.`CategoryHelper` (`categoryHelperId`, `createdAt`, `updatedAt`, `Products_productsId`, `Category_categoryId`) VALUES (2, DEFAULT, NULL, 2, 1);
INSERT INTO `BurgerCity`.`CategoryHelper` (`categoryHelperId`, `createdAt`, `updatedAt`, `Products_productsId`, `Category_categoryId`) VALUES (3, DEFAULT, NULL, 3, 1);
INSERT INTO `BurgerCity`.`CategoryHelper` (`categoryHelperId`, `createdAt`, `updatedAt`, `Products_productsId`, `Category_categoryId`) VALUES (4, DEFAULT, NULL, 4, 1);
INSERT INTO `BurgerCity`.`CategoryHelper` (`categoryHelperId`, `createdAt`, `updatedAt`, `Products_productsId`, `Category_categoryId`) VALUES (5, DEFAULT, NULL, 5, 1);
INSERT INTO `BurgerCity`.`CategoryHelper` (`categoryHelperId`, `createdAt`, `updatedAt`, `Products_productsId`, `Category_categoryId`) VALUES (6, DEFAULT, NULL, 6, 1);
INSERT INTO `BurgerCity`.`CategoryHelper` (`categoryHelperId`, `createdAt`, `updatedAt`, `Products_productsId`, `Category_categoryId`) VALUES (7, DEFAULT, NULL, 7, 1);
INSERT INTO `BurgerCity`.`CategoryHelper` (`categoryHelperId`, `createdAt`, `updatedAt`, `Products_productsId`, `Category_categoryId`) VALUES (8, DEFAULT, NULL, 8, 1);
INSERT INTO `BurgerCity`.`CategoryHelper` (`categoryHelperId`, `createdAt`, `updatedAt`, `Products_productsId`, `Category_categoryId`) VALUES (9, DEFAULT, NULL, 9, 1);
INSERT INTO `BurgerCity`.`CategoryHelper` (`categoryHelperId`, `createdAt`, `updatedAt`, `Products_productsId`, `Category_categoryId`) VALUES (10, DEFAULT, NULL, 10, 1);
INSERT INTO `BurgerCity`.`CategoryHelper` (`categoryHelperId`, `createdAt`, `updatedAt`, `Products_productsId`, `Category_categoryId`) VALUES (11, DEFAULT, NULL, 11, 1);
INSERT INTO `BurgerCity`.`CategoryHelper` (`categoryHelperId`, `createdAt`, `updatedAt`, `Products_productsId`, `Category_categoryId`) VALUES (13, DEFAULT, NULL, 13, 1);
INSERT INTO `BurgerCity`.`CategoryHelper` (`categoryHelperId`, `createdAt`, `updatedAt`, `Products_productsId`, `Category_categoryId`) VALUES (14, DEFAULT, NULL, 14, 4);
INSERT INTO `BurgerCity`.`CategoryHelper` (`categoryHelperId`, `createdAt`, `updatedAt`, `Products_productsId`, `Category_categoryId`) VALUES (15, DEFAULT, NULL, 15, 4);
INSERT INTO `BurgerCity`.`CategoryHelper` (`categoryHelperId`, `createdAt`, `updatedAt`, `Products_productsId`, `Category_categoryId`) VALUES (16, DEFAULT, NULL, 16, 4);
INSERT INTO `BurgerCity`.`CategoryHelper` (`categoryHelperId`, `createdAt`, `updatedAt`, `Products_productsId`, `Category_categoryId`) VALUES (17, DEFAULT, NULL, 17, 4);
INSERT INTO `BurgerCity`.`CategoryHelper` (`categoryHelperId`, `createdAt`, `updatedAt`, `Products_productsId`, `Category_categoryId`) VALUES (18, DEFAULT, NULL, 18, 4);
INSERT INTO `BurgerCity`.`CategoryHelper` (`categoryHelperId`, `createdAt`, `updatedAt`, `Products_productsId`, `Category_categoryId`) VALUES (19, DEFAULT, NULL, 19, 4);
INSERT INTO `BurgerCity`.`CategoryHelper` (`categoryHelperId`, `createdAt`, `updatedAt`, `Products_productsId`, `Category_categoryId`) VALUES (20, DEFAULT, NULL, 20, 2);
INSERT INTO `BurgerCity`.`CategoryHelper` (`categoryHelperId`, `createdAt`, `updatedAt`, `Products_productsId`, `Category_categoryId`) VALUES (21, DEFAULT, NULL, 21, 2);
INSERT INTO `BurgerCity`.`CategoryHelper` (`categoryHelperId`, `createdAt`, `updatedAt`, `Products_productsId`, `Category_categoryId`) VALUES (22, DEFAULT, NULL, 22, 2);
INSERT INTO `BurgerCity`.`CategoryHelper` (`categoryHelperId`, `createdAt`, `updatedAt`, `Products_productsId`, `Category_categoryId`) VALUES (23, DEFAULT, NULL, 23, 2);
INSERT INTO `BurgerCity`.`CategoryHelper` (`categoryHelperId`, `createdAt`, `updatedAt`, `Products_productsId`, `Category_categoryId`) VALUES (24, DEFAULT, NULL, 24, 2);
INSERT INTO `BurgerCity`.`CategoryHelper` (`categoryHelperId`, `createdAt`, `updatedAt`, `Products_productsId`, `Category_categoryId`) VALUES (25, DEFAULT, NULL, 25, 3);
INSERT INTO `BurgerCity`.`CategoryHelper` (`categoryHelperId`, `createdAt`, `updatedAt`, `Products_productsId`, `Category_categoryId`) VALUES (26, DEFAULT, NULL, 26, 3);
INSERT INTO `BurgerCity`.`CategoryHelper` (`categoryHelperId`, `createdAt`, `updatedAt`, `Products_productsId`, `Category_categoryId`) VALUES (27, DEFAULT, NULL, 27, 3);

COMMIT;


-- -----------------------------------------------------
-- Data for table `BurgerCity`.`Account`
-- -----------------------------------------------------
START TRANSACTION;
USE `BurgerCity`;
INSERT INTO `BurgerCity`.`Account` (`accountId`, `createdAt`, `updatedAt`, `email`, `passwordHash`, `birthday`, `firstName`, `lastName`, `phoneNumber`, `isAdmin`) VALUES (1, DEFAULT, NULL, 'admin@burgercity.de', '$2y$10$rTlEKs72HApzPaOi5R2bIushn1ICPaW88ZzdirbngIxyppfWD2SYm', '2000-12-31', 'Admin', 'BurgerCity', '011111111111', 1);
INSERT INTO `BurgerCity`.`Account` (`accountId`, `createdAt`, `updatedAt`, `email`, `passwordHash`, `birthday`, `firstName`, `lastName`, `phoneNumber`, `isAdmin`) VALUES (2, DEFAULT, NULL, 'max.mag@online.de', '$2y$10$fSzY21agXzMxFYKXlajVd.7UmL42nBp5M7g85S8L0XpgJ7ohqJ51y', '1998-03-31', 'Max', 'Magburger', '012345678901', 0);

COMMIT;


-- -----------------------------------------------------
-- Data for table `BurgerCity`.`Ingedients`
-- -----------------------------------------------------
START TRANSACTION;
USE `BurgerCity`;
INSERT INTO `BurgerCity`.`Ingedients` (`ingedientsId`, `createdAt`, `updatedAt`, `description`, `foodtype`) VALUES (1, '15.01.2021/19.30', NULL, 'Beef Burger', 'omnivore');
INSERT INTO `BurgerCity`.`Ingedients` (`ingedientsId`, `createdAt`, `updatedAt`, `description`, `foodtype`) VALUES (2, '15.01.2021/19.30', NULL, 'Chicken Burger', 'omnivore');
INSERT INTO `BurgerCity`.`Ingedients` (`ingedientsId`, `createdAt`, `updatedAt`, `description`, `foodtype`) VALUES (3, '15.01.2021/19.30', NULL, 'Vegatable Burger', 'vegan');
INSERT INTO `BurgerCity`.`Ingedients` (`ingedientsId`, `createdAt`, `updatedAt`, `description`, `foodtype`) VALUES (4, '15.01.2021/19.30', NULL, 'sesame bun', 'vegan');
INSERT INTO `BurgerCity`.`Ingedients` (`ingedientsId`, `createdAt`, `updatedAt`, `description`, `foodtype`) VALUES (5, '15.01.2021/19.30', NULL, 'onien', 'vegan');
INSERT INTO `BurgerCity`.`Ingedients` (`ingedientsId`, `createdAt`, `updatedAt`, `description`, `foodtype`) VALUES (6, '15.01.2021/19.30', NULL, 'bacon', 'omnivore');
INSERT INTO `BurgerCity`.`Ingedients` (`ingedientsId`, `createdAt`, `updatedAt`, `description`, `foodtype`) VALUES (7, '15.01.2021/19.30', NULL, 'tomato', 'vegan');
INSERT INTO `BurgerCity`.`Ingedients` (`ingedientsId`, `createdAt`, `updatedAt`, `description`, `foodtype`) VALUES (8, '15.01.2021/19.30', NULL, 'cucumber', 'vegan');
INSERT INTO `BurgerCity`.`Ingedients` (`ingedientsId`, `createdAt`, `updatedAt`, `description`, `foodtype`) VALUES (9, '15.01.2021/19.30', NULL, 'lettuce', 'vegan');
INSERT INTO `BurgerCity`.`Ingedients` (`ingedientsId`, `createdAt`, `updatedAt`, `description`, `foodtype`) VALUES (10, '15.01.2021/19.30', NULL, 'egg', 'veggie');
INSERT INTO `BurgerCity`.`Ingedients` (`ingedientsId`, `createdAt`, `updatedAt`, `description`, `foodtype`) VALUES (11, '15.01.2021/19.30', NULL, 'cheddar', 'veggie');
INSERT INTO `BurgerCity`.`Ingedients` (`ingedientsId`, `createdAt`, `updatedAt`, `description`, `foodtype`) VALUES (12, '15.01.2021/19.30', NULL, 'vegan cheese', 'vegan');
INSERT INTO `BurgerCity`.`Ingedients` (`ingedientsId`, `createdAt`, `updatedAt`, `description`, `foodtype`) VALUES (13, '15.01.2021/19.30', NULL, 'mozzarella', 'veggie');
INSERT INTO `BurgerCity`.`Ingedients` (`ingedientsId`, `createdAt`, `updatedAt`, `description`, `foodtype`) VALUES (14, '15.01.2021/19.30', NULL, 'red onien', 'vegan');
INSERT INTO `BurgerCity`.`Ingedients` (`ingedientsId`, `createdAt`, `updatedAt`, `description`, `foodtype`) VALUES (15, '15.01.2021/19.30', NULL, 'halloumi', 'veggie');
INSERT INTO `BurgerCity`.`Ingedients` (`ingedientsId`, `createdAt`, `updatedAt`, `description`, `foodtype`) VALUES (16, '15.01.2021/19.30', NULL, 'jalapeño', 'vegan');
INSERT INTO `BurgerCity`.`Ingedients` (`ingedientsId`, `createdAt`, `updatedAt`, `description`, `foodtype`) VALUES (17, '15.01.2021/19.30', NULL, 'corn', 'vegan');
INSERT INTO `BurgerCity`.`Ingedients` (`ingedientsId`, `createdAt`, `updatedAt`, `description`, `foodtype`) VALUES (18, '15.01.2021/19.30', NULL, 'red beans', 'vegan');
INSERT INTO `BurgerCity`.`Ingedients` (`ingedientsId`, `createdAt`, `updatedAt`, `description`, `foodtype`) VALUES (19, '15.01.2021/19.30', NULL, 'ketchup', 'vegan');
INSERT INTO `BurgerCity`.`Ingedients` (`ingedientsId`, `createdAt`, `updatedAt`, `description`, `foodtype`) VALUES (20, '15.01.2021/19.30', NULL, 'sour cream', 'veggie');
INSERT INTO `BurgerCity`.`Ingedients` (`ingedientsId`, `createdAt`, `updatedAt`, `description`, `foodtype`) VALUES (21, '15.01.2021/19.30', NULL, 'burger sauce', 'veggie');
INSERT INTO `BurgerCity`.`Ingedients` (`ingedientsId`, `createdAt`, `updatedAt`, `description`, `foodtype`) VALUES (22, '15.01.2021/19.30', NULL, 'wasabi', 'vegan');
INSERT INTO `BurgerCity`.`Ingedients` (`ingedientsId`, `createdAt`, `updatedAt`, `description`, `foodtype`) VALUES (23, '15.01.2021/19.30', NULL, 'mayonnaise', 'veggie');
INSERT INTO `BurgerCity`.`Ingedients` (`ingedientsId`, `createdAt`, `updatedAt`, `description`, `foodtype`) VALUES (24, '15.01.2021/19.30', NULL, 'BBQ sauce', 'vegan');
INSERT INTO `BurgerCity`.`Ingedients` (`ingedientsId`, `createdAt`, `updatedAt`, `description`, `foodtype`) VALUES (25, '15.01.2021/19.30', NULL, 'balsamic mayonnaise', 'vegan');
INSERT INTO `BurgerCity`.`Ingedients` (`ingedientsId`, `createdAt`, `updatedAt`, `description`, `foodtype`) VALUES (26, '15.01.2021/19.30', NULL, 'rye bun', 'vegan');

COMMIT;

