-- MySQL Script generated by MySQL Workbench
-- Tue Feb  9 20:25:52 2021
-- Model: New Model    Version: 1.0
-- MySQL Workbench Forward Engineering

SET @OLD_UNIQUE_CHECKS=@@UNIQUE_CHECKS, UNIQUE_CHECKS=0;
SET @OLD_FOREIGN_KEY_CHECKS=@@FOREIGN_KEY_CHECKS, FOREIGN_KEY_CHECKS=0;
SET @OLD_SQL_MODE=@@SQL_MODE, SQL_MODE='ONLY_FULL_GROUP_BY,STRICT_TRANS_TABLES,NO_ZERO_IN_DATE,NO_ZERO_DATE,ERROR_FOR_DIVISION_BY_ZERO,NO_ENGINE_SUBSTITUTION';

-- -----------------------------------------------------
-- Schema BurgerCity
-- -----------------------------------------------------

-- -----------------------------------------------------
-- Schema BurgerCity
-- -----------------------------------------------------
CREATE SCHEMA IF NOT EXISTS `BurgerCity` DEFAULT CHARACTER SET utf8 ;
USE `BurgerCity` ;

-- -----------------------------------------------------
-- Table `BurgerCity`.`Products`
-- -----------------------------------------------------
CREATE TABLE IF NOT EXISTS `BurgerCity`.`Products` (
  `productsId` INT NOT NULL AUTO_INCREMENT,
  `createdAt` TIMESTAMP NOT NULL DEFAULT CURRENT_TIMESTAMP,
  `updatedAt` TIMESTAMP NULL ON UPDATE CURRENT_TIMESTAMP,
  `description` VARCHAR(255) NOT NULL,
  `pictureURL` VARCHAR(255) NOT NULL,
  `altText` VARCHAR(255) NOT NULL,
  `favorites` TINYINT NOT NULL,
  `price` DECIMAL(15,2) NULL,
  `category` VARCHAR(45) NOT NULL,
  PRIMARY KEY (`productsId`))
ENGINE = InnoDB;


-- -----------------------------------------------------
-- Table `BurgerCity`.`Account`
-- -----------------------------------------------------
CREATE TABLE IF NOT EXISTS `BurgerCity`.`Account` (
  `accountId` INT NOT NULL AUTO_INCREMENT,
  `createdAt` TIMESTAMP NOT NULL DEFAULT CURRENT_TIMESTAMP,
  `updatedAt` TIMESTAMP NULL ON UPDATE CURRENT_TIMESTAMP,
  `email` VARCHAR(320) NOT NULL,
  `passwordHash` VARCHAR(255) NOT NULL,
  `birthday` DATE NOT NULL,
  `firstName` VARCHAR(50) NOT NULL,
  `lastName` VARCHAR(50) NOT NULL,
  `phoneNumber` VARCHAR(50) NOT NULL,
  `isAdmin` TINYINT NOT NULL,
  PRIMARY KEY (`accountId`),
  UNIQUE INDEX `email_UNIQUE` (`email` ASC));


-- -----------------------------------------------------
-- Table `BurgerCity`.`Adress`
-- -----------------------------------------------------
CREATE TABLE IF NOT EXISTS `BurgerCity`.`Adress` (
  `adressId` INT NOT NULL AUTO_INCREMENT,
  `createdAt` TIMESTAMP NOT NULL DEFAULT CURRENT_TIMESTAMP,
  `updatedAt` TIMESTAMP NULL ON UPDATE CURRENT_TIMESTAMP,
  `zipCode` VARCHAR(12) NOT NULL,
  `city` VARCHAR(60) NOT NULL,
  `street` VARCHAR(200) NOT NULL,
  `number` VARCHAR(10) NOT NULL,
  PRIMARY KEY (`adressId`));


-- -----------------------------------------------------
-- Table `BurgerCity`.`Orders`
-- -----------------------------------------------------
CREATE TABLE IF NOT EXISTS `BurgerCity`.`Orders` (
  `orderId` INT NOT NULL AUTO_INCREMENT,
  `createdAt` TIMESTAMP NOT NULL DEFAULT CURRENT_TIMESTAMP,
  `updatedAt` TIMESTAMP NULL ON UPDATE CURRENT_TIMESTAMP,
  `orderDate` DATE NOT NULL,
  `deliveryInformation` VARCHAR(255) NULL,
  `Account_accountId` INT NOT NULL,
  `Adress_adressId` INT NOT NULL,
  PRIMARY KEY (`orderId`),
  INDEX `fk_Orders_Account1_idx` (`Account_accountId` ASC),
  INDEX `fk_Orders_Adress1_idx` (`Adress_adressId` ASC),
  CONSTRAINT `fk_Orders_Account1`
    FOREIGN KEY (`Account_accountId`)
    REFERENCES `BurgerCity`.`Account` (`accountId`)
    ON DELETE NO ACTION
    ON UPDATE NO ACTION,
  CONSTRAINT `fk_Orders_Adress1`
    FOREIGN KEY (`Adress_adressId`)
    REFERENCES `BurgerCity`.`Adress` (`adressId`)
    ON DELETE NO ACTION
    ON UPDATE NO ACTION);


-- -----------------------------------------------------
-- Table `BurgerCity`.`OrderItems`
-- -----------------------------------------------------
CREATE TABLE IF NOT EXISTS `BurgerCity`.`OrderItems` (
  `ordersItemsId` INT NOT NULL AUTO_INCREMENT,
  `createdAt` TIMESTAMP NOT NULL DEFAULT CURRENT_TIMESTAMP,
  `updatedAt` TIMESTAMP NULL ON UPDATE CURRENT_TIMESTAMP,
  `quantity` INT NOT NULL,
  `Orders_orderId` INT NOT NULL,
  `Products_productsId` INT NOT NULL,
  PRIMARY KEY (`ordersItemsId`),
  INDEX `fk_OrderItems_Orders1_idx` (`Orders_orderId` ASC),
  INDEX `fk_OrderItems_Products1_idx` (`Products_productsId` ASC),
  CONSTRAINT `fk_OrderItems_Orders1`
    FOREIGN KEY (`Orders_orderId`)
    REFERENCES `BurgerCity`.`Orders` (`orderId`)
    ON DELETE NO ACTION
    ON UPDATE NO ACTION,
  CONSTRAINT `fk_OrderItems_Products1`
    FOREIGN KEY (`Products_productsId`)
    REFERENCES `BurgerCity`.`Products` (`productsId`)
    ON DELETE NO ACTION
    ON UPDATE NO ACTION);


-- -----------------------------------------------------
-- Table `BurgerCity`.`AdressHelper`
-- -----------------------------------------------------
CREATE TABLE IF NOT EXISTS `BurgerCity`.`AdressHelper` (
  `adressHelperId` INT NOT NULL AUTO_INCREMENT,
  `createdAt` TIMESTAMP NOT NULL DEFAULT CURRENT_TIMESTAMP,
  `updatedAt` TIMESTAMP NULL ON UPDATE CURRENT_TIMESTAMP,
  `Account_accountId` INT NOT NULL,
  `Adress_adressId` INT NOT NULL,
  PRIMARY KEY (`adressHelperId`),
  INDEX `fk_AdressHelper_Account_idx` (`Account_accountId` ASC),
  INDEX `fk_AdressHelper_Adress1_idx` (`Adress_adressId` ASC),
  CONSTRAINT `fk_AdressHelper_Account`
    FOREIGN KEY (`Account_accountId`)
    REFERENCES `BurgerCity`.`Account` (`accountId`)
    ON DELETE NO ACTION
    ON UPDATE NO ACTION,
  CONSTRAINT `fk_AdressHelper_Adress1`
    FOREIGN KEY (`Adress_adressId`)
    REFERENCES `BurgerCity`.`Adress` (`adressId`)
    ON DELETE NO ACTION
    ON UPDATE NO ACTION);


-- -----------------------------------------------------
-- Table `BurgerCity`.`Ingredients`
-- -----------------------------------------------------
CREATE TABLE IF NOT EXISTS `BurgerCity`.`Ingredients` (
  `ingedientsId` INT NOT NULL AUTO_INCREMENT,
  `createdAt` TIMESTAMP NOT NULL DEFAULT CURRENT_TIMESTAMP,
  `updatedAt` TIMESTAMP NULL ON UPDATE CURRENT_TIMESTAMP,
  `description` VARCHAR(255) NOT NULL,
  `foodtype` VARCHAR(45) NOT NULL,
  PRIMARY KEY (`ingedientsId`));


-- -----------------------------------------------------
-- Table `BurgerCity`.`ProductHelper`
-- -----------------------------------------------------
CREATE TABLE IF NOT EXISTS `BurgerCity`.`ProductHelper` (
  `productHelperId` INT NOT NULL AUTO_INCREMENT,
  `createdAt` TIMESTAMP NOT NULL DEFAULT CURRENT_TIMESTAMP,
  `updatedAt` TIMESTAMP NULL ON UPDATE CURRENT_TIMESTAMP,
  `Products_productsId` INT NOT NULL,
  `Ingedients_ingedientsId` INT NOT NULL,
  PRIMARY KEY (`productHelperId`),
  INDEX `fk_ProductHelper_Products1_idx` (`Products_productsId` ASC),
  INDEX `fk_ProductHelper_Ingedients1_idx` (`Ingedients_ingedientsId` ASC),
  CONSTRAINT `fk_ProductHelper_Products1`
    FOREIGN KEY (`Products_productsId`)
    REFERENCES `BurgerCity`.`Products` (`productsId`)
    ON DELETE NO ACTION
    ON UPDATE NO ACTION,
  CONSTRAINT `fk_ProductHelper_Ingedients1`
    FOREIGN KEY (`Ingedients_ingedientsId`)
    REFERENCES `BurgerCity`.`Ingredients` (`ingedientsId`)
    ON DELETE NO ACTION
    ON UPDATE NO ACTION);


SET SQL_MODE=@OLD_SQL_MODE;
SET FOREIGN_KEY_CHECKS=@OLD_FOREIGN_KEY_CHECKS;
SET UNIQUE_CHECKS=@OLD_UNIQUE_CHECKS;

-- -----------------------------------------------------
-- Data for table `BurgerCity`.`Products`
-- -----------------------------------------------------
START TRANSACTION;
USE `BurgerCity`;
INSERT INTO `BurgerCity`.`Products` (`productsId`, `createdAt`, `updatedAt`, `description`, `pictureURL`, `altText`, `favorites`, `price`, `category`) VALUES (1, '15.01.2021/20.15', NULL, 'Hamburger', 'Hamburger.png', 'Hamburger', DEFAULT, 6.99, 'burger');
INSERT INTO `BurgerCity`.`Products` (`productsId`, `createdAt`, `updatedAt`, `description`, `pictureURL`, `altText`, `favorites`, `price`, `category`) VALUES (2, '15.01.2021/20.15', NULL, 'Cheeseburger', 'Cheeseburger.png', 'Cheeseburger', DEFAULT, 6.99, 'burger');
INSERT INTO `BurgerCity`.`Products` (`productsId`, `createdAt`, `updatedAt`, `description`, `pictureURL`, `altText`, `favorites`, `price`, `category`) VALUES (3, '15.01.2021/20.15', NULL, 'Italian Burger', 'Italian_Burger.png', 'Italian Burger', DEFAULT, 6.99, 'burger');
INSERT INTO `BurgerCity`.`Products` (`productsId`, `createdAt`, `updatedAt`, `description`, `pictureURL`, `altText`, `favorites`, `price`, `category`) VALUES (4, '15.01.2021/20.15', NULL, 'Chicken Burger', 'Chicken_Burger.png', 'Chicken Burger', DEFAULT, 6.99, 'burger');
INSERT INTO `BurgerCity`.`Products` (`productsId`, `createdAt`, `updatedAt`, `description`, `pictureURL`, `altText`, `favorites`, `price`, `category`) VALUES (5, '15.01.2021/20.15', NULL, 'Double Beef', 'Double_Beef.png', 'Double Beef', DEFAULT, 8.99, 'burger');
INSERT INTO `BurgerCity`.`Products` (`productsId`, `createdAt`, `updatedAt`, `description`, `pictureURL`, `altText`, `favorites`, `price`, `category`) VALUES (6, '15.01.2021/20.15', NULL, 'Veggy Burger', 'Veggy_Burger.png', 'Veggie Burger', DEFAULT, 6.99, 'burger');
INSERT INTO `BurgerCity`.`Products` (`productsId`, `createdAt`, `updatedAt`, `description`, `pictureURL`, `altText`, `favorites`, `price`, `category`) VALUES (7, '15.01.2021/20.15', NULL, 'Halloumi Burger', 'Halloumi_Burger.png', 'Halloumi Burger', DEFAULT, 8.99, 'burger');
INSERT INTO `BurgerCity`.`Products` (`productsId`, `createdAt`, `updatedAt`, `description`, `pictureURL`, `altText`, `favorites`, `price`, `category`) VALUES (8, '15.01.2021/20.15', NULL, 'Double Chili Burger', 'Double_Chili Burger.png', 'Double Chili Burger', DEFAULT, 8.99, 'burger');
INSERT INTO `BurgerCity`.`Products` (`productsId`, `createdAt`, `updatedAt`, `description`, `pictureURL`, `altText`, `favorites`, `price`, `category`) VALUES (9, '15.01.2021/20.15', NULL, 'Double Cicken', 'Double_Chicken.png', 'Double Cicken', DEFAULT, 8.99, 'burger');
INSERT INTO `BurgerCity`.`Products` (`productsId`, `createdAt`, `updatedAt`, `description`, `pictureURL`, `altText`, `favorites`, `price`, `category`) VALUES (10, '15.01.2021/20.15', NULL, 'Triple Cheeseburger', 'Tripple_Cheeseburger.png', 'Triple Cheeseburger', DEFAULT, 8.99, 'burger');
INSERT INTO `BurgerCity`.`Products` (`productsId`, `createdAt`, `updatedAt`, `description`, `pictureURL`, `altText`, `favorites`, `price`, `category`) VALUES (11, '15.01.2021/20.15', NULL, 'German Burger', 'German_Burger.png', 'German Burger', DEFAULT, 9.99, 'burger');
INSERT INTO `BurgerCity`.`Products` (`productsId`, `createdAt`, `updatedAt`, `description`, `pictureURL`, `altText`, `favorites`, `price`, `category`) VALUES (13, '15.01.2021/20.15', NULL, 'BBQ Burger', 'BBQ_Burger.png', 'BBQ Burger', DEFAULT, 9.99, 'burger');
INSERT INTO `BurgerCity`.`Products` (`productsId`, `createdAt`, `updatedAt`, `description`, `pictureURL`, `altText`, `favorites`, `price`, `category`) VALUES (14, '15.01.2021/20.15', NULL, 'water', 'water.png', 'water', DEFAULT, 1.50, 'drinks');
INSERT INTO `BurgerCity`.`Products` (`productsId`, `createdAt`, `updatedAt`, `description`, `pictureURL`, `altText`, `favorites`, `price`, `category`) VALUES (15, '15.01.2021/20.15', NULL, 'cola', 'cola.png', 'cola', DEFAULT, 2.50, 'drinks');
INSERT INTO `BurgerCity`.`Products` (`productsId`, `createdAt`, `updatedAt`, `description`, `pictureURL`, `altText`, `favorites`, `price`, `category`) VALUES (16, '15.01.2021/20.15', NULL, 'cola light', 'cola.png', 'cola light', DEFAULT, 2.50, 'drinks');
INSERT INTO `BurgerCity`.`Products` (`productsId`, `createdAt`, `updatedAt`, `description`, `pictureURL`, `altText`, `favorites`, `price`, `category`) VALUES (17, '15.01.2021/20.15', NULL, 'coffee', 'coffee.png', 'coffee', DEFAULT, 3.00, 'drinks');
INSERT INTO `BurgerCity`.`Products` (`productsId`, `createdAt`, `updatedAt`, `description`, `pictureURL`, `altText`, `favorites`, `price`, `category`) VALUES (18, '15.01.2021/20.15', NULL, 'tea', 'tea.png', 'tea', DEFAULT, 3.00, 'drinks');
INSERT INTO `BurgerCity`.`Products` (`productsId`, `createdAt`, `updatedAt`, `description`, `pictureURL`, `altText`, `favorites`, `price`, `category`) VALUES (19, '15.01.2021/20.15', NULL, 'lemonade', 'lemonade.png', 'lemonade', DEFAULT, 3.00, 'drinks');
INSERT INTO `BurgerCity`.`Products` (`productsId`, `createdAt`, `updatedAt`, `description`, `pictureURL`, `altText`, `favorites`, `price`, `category`) VALUES (20, '15.01.2021/20.15', NULL, 'potato fries', 'potato_fries.png', 'potato fries', DEFAULT, 3.00, 'snacks');
INSERT INTO `BurgerCity`.`Products` (`productsId`, `createdAt`, `updatedAt`, `description`, `pictureURL`, `altText`, `favorites`, `price`, `category`) VALUES (21, '15.01.2021/20.15', NULL, 'sweet potato fries', 'sweet_potato_fries.png', 'sweet potato fries', DEFAULT, 4.00, 'snacks');
INSERT INTO `BurgerCity`.`Products` (`productsId`, `createdAt`, `updatedAt`, `description`, `pictureURL`, `altText`, `favorites`, `price`, `category`) VALUES (22, '15.01.2021/20.15', NULL, 'potato wedges', 'potato_wedges.png', 'potato wedges', DEFAULT, 3.00, 'snacks');
INSERT INTO `BurgerCity`.`Products` (`productsId`, `createdAt`, `updatedAt`, `description`, `pictureURL`, `altText`, `favorites`, `price`, `category`) VALUES (23, '15.01.2021/20.15', NULL, 'chicken rolls', 'chicken_rolls.png', 'chicken rolls', DEFAULT, 4.00, 'snacks');
INSERT INTO `BurgerCity`.`Products` (`productsId`, `createdAt`, `updatedAt`, `description`, `pictureURL`, `altText`, `favorites`, `price`, `category`) VALUES (24, '15.01.2021/20.15', NULL, 'cheese buns', 'buns_with_cheese.png', 'cheese buns', DEFAULT, 4.00, 'snacks');
INSERT INTO `BurgerCity`.`Products` (`productsId`, `createdAt`, `updatedAt`, `description`, `pictureURL`, `altText`, `favorites`, `price`, `category`) VALUES (25, '15.01.2021/20.15', NULL, 'cinnamon rolls', 'cinnamon_rolls.png', 'cinnamon rolls', DEFAULT, 4.00, 'desserts');
INSERT INTO `BurgerCity`.`Products` (`productsId`, `createdAt`, `updatedAt`, `description`, `pictureURL`, `altText`, `favorites`, `price`, `category`) VALUES (26, '15.01.2021/20.15', NULL, 'chocolate rolls', 'chocolate_rolls.png', 'chocolate rolls', DEFAULT, 3.50, 'desserts');
INSERT INTO `BurgerCity`.`Products` (`productsId`, `createdAt`, `updatedAt`, `description`, `pictureURL`, `altText`, `favorites`, `price`, `category`) VALUES (27, '15.01.2021/20.15', NULL, 'Ben & Jerrys ice cream', 'Ben_Jerrys.png', 'Ben & Jerrys ice cream', DEFAULT, 5.99, 'desserts');

COMMIT;


-- -----------------------------------------------------
-- Data for table `BurgerCity`.`Account`
-- -----------------------------------------------------
START TRANSACTION;
USE `BurgerCity`;
INSERT INTO `BurgerCity`.`Account` (`accountId`, `createdAt`, `updatedAt`, `email`, `passwordHash`, `birthday`, `firstName`, `lastName`, `phoneNumber`, `isAdmin`) VALUES (1, DEFAULT, NULL, 'admin@burgercity.de', '$2y$10$rTlEKs72HApzPaOi5R2bIushn1ICPaW88ZzdirbngIxyppfWD2SYm', '2000-12-31', 'Admin', 'BurgerCity', '011111111111', 1);
INSERT INTO `BurgerCity`.`Account` (`accountId`, `createdAt`, `updatedAt`, `email`, `passwordHash`, `birthday`, `firstName`, `lastName`, `phoneNumber`, `isAdmin`) VALUES (2, DEFAULT, NULL, 'max.mag@online.de', '$2y$10$fSzY21agXzMxFYKXlajVd.7UmL42nBp5M7g85S8L0XpgJ7ohqJ51y', '1998-03-31', 'Max', 'Magburger', '012345678901', 0);

COMMIT;


-- -----------------------------------------------------
-- Data for table `BurgerCity`.`Adress`
-- -----------------------------------------------------
START TRANSACTION;
USE `BurgerCity`;
INSERT INTO `BurgerCity`.`Adress` (`adressId`, `createdAt`, `updatedAt`, `zipCode`, `city`, `street`, `number`) VALUES (1, DEFAULT, NULL, '99085', 'Erfurt', 'Altonaer Str.', '25');
INSERT INTO `BurgerCity`.`Adress` (`adressId`, `createdAt`, `updatedAt`, `zipCode`, `city`, `street`, `number`) VALUES (2, DEFAULT, NULL, '99084', 'Erfurt', 'Anger', '1');
INSERT INTO `BurgerCity`.`Adress` (`adressId`, `createdAt`, `updatedAt`, `zipCode`, `city`, `street`, `number`) VALUES (3, DEFAULT, NULL, '99092', 'Erfurt', 'Binderslebener Landstraße', '100');
INSERT INTO `BurgerCity`.`Adress` (`adressId`, `createdAt`, `updatedAt`, `zipCode`, `city`, `street`, `number`) VALUES (4, DEFAULT, NULL, '99089', 'Erfurt', 'Nordhäuser Str.', '63');
INSERT INTO `BurgerCity`.`Adress` (`adressId`, `createdAt`, `updatedAt`, `zipCode`, `city`, `street`, `number`) VALUES (5, DEFAULT, NULL, '99084', 'Erfurt', 'Domstufen', '1');
INSERT INTO `BurgerCity`.`Adress` (`adressId`, `createdAt`, `updatedAt`, `zipCode`, `city`, `street`, `number`) VALUES (6, DEFAULT, NULL, '99096', 'Erfurt', 'Jürgen-Fuchs-Straße', '1');
INSERT INTO `BurgerCity`.`Adress` (`adressId`, `createdAt`, `updatedAt`, `zipCode`, `city`, `street`, `number`) VALUES (7, DEFAULT, NULL, '10117', 'Berlin', 'Niederkirchnerstraße', '5');
INSERT INTO `BurgerCity`.`Adress` (`adressId`, `createdAt`, `updatedAt`, `zipCode`, `city`, `street`, `number`) VALUES (8, DEFAULT, NULL, '99084', 'Erfurt', 'Erfurt Hauptbahnhof', '1');

COMMIT;


-- -----------------------------------------------------
-- Data for table `BurgerCity`.`Orders`
-- -----------------------------------------------------
START TRANSACTION;
USE `BurgerCity`;
INSERT INTO `BurgerCity`.`Orders` (`orderId`, `createdAt`, `updatedAt`, `orderDate`, `deliveryInformation`, `Account_accountId`, `Adress_adressId`) VALUES (1, DEFAULT, NULL, '2020-12-01', NULL, 2, 1);
INSERT INTO `BurgerCity`.`Orders` (`orderId`, `createdAt`, `updatedAt`, `orderDate`, `deliveryInformation`, `Account_accountId`, `Adress_adressId`) VALUES (2, DEFAULT, NULL, '2020-12-05', NULL, 2, 4);
INSERT INTO `BurgerCity`.`Orders` (`orderId`, `createdAt`, `updatedAt`, `orderDate`, `deliveryInformation`, `Account_accountId`, `Adress_adressId`) VALUES (3, DEFAULT, NULL, '2020-12-12', NULL, 2, 2);
INSERT INTO `BurgerCity`.`Orders` (`orderId`, `createdAt`, `updatedAt`, `orderDate`, `deliveryInformation`, `Account_accountId`, `Adress_adressId`) VALUES (4, DEFAULT, NULL, '2020-12-13', NULL, 1, 3);
INSERT INTO `BurgerCity`.`Orders` (`orderId`, `createdAt`, `updatedAt`, `orderDate`, `deliveryInformation`, `Account_accountId`, `Adress_adressId`) VALUES (5, DEFAULT, NULL, '2020-12-28', 'but some extra cheese in the burger pls :)', 2, 6);
INSERT INTO `BurgerCity`.`Orders` (`orderId`, `createdAt`, `updatedAt`, `orderDate`, `deliveryInformation`, `Account_accountId`, `Adress_adressId`) VALUES (6, DEFAULT, NULL, '2021-01-02', NULL, 1, 8);
INSERT INTO `BurgerCity`.`Orders` (`orderId`, `createdAt`, `updatedAt`, `orderDate`, `deliveryInformation`, `Account_accountId`, `Adress_adressId`) VALUES (7, DEFAULT, NULL, '2021-01-05', NULL, 2, 2);
INSERT INTO `BurgerCity`.`Orders` (`orderId`, `createdAt`, `updatedAt`, `orderDate`, `deliveryInformation`, `Account_accountId`, `Adress_adressId`) VALUES (8, DEFAULT, NULL, '2021-01-10', NULL, 2, 7);

COMMIT;


-- -----------------------------------------------------
-- Data for table `BurgerCity`.`OrderItems`
-- -----------------------------------------------------
START TRANSACTION;
USE `BurgerCity`;
INSERT INTO `BurgerCity`.`OrderItems` (`ordersItemsId`, `createdAt`, `updatedAt`, `quantity`, `Orders_orderId`, `Products_productsId`) VALUES (1, DEFAULT, NULL, 2, 1, 1);
INSERT INTO `BurgerCity`.`OrderItems` (`ordersItemsId`, `createdAt`, `updatedAt`, `quantity`, `Orders_orderId`, `Products_productsId`) VALUES (2, DEFAULT, NULL, 1, 2, 5);
INSERT INTO `BurgerCity`.`OrderItems` (`ordersItemsId`, `createdAt`, `updatedAt`, `quantity`, `Orders_orderId`, `Products_productsId`) VALUES (3, DEFAULT, NULL, 3, 3, 5);
INSERT INTO `BurgerCity`.`OrderItems` (`ordersItemsId`, `createdAt`, `updatedAt`, `quantity`, `Orders_orderId`, `Products_productsId`) VALUES (4, DEFAULT, NULL, 5, 3, 20);
INSERT INTO `BurgerCity`.`OrderItems` (`ordersItemsId`, `createdAt`, `updatedAt`, `quantity`, `Orders_orderId`, `Products_productsId`) VALUES (5, DEFAULT, NULL, 3, 4, 7);
INSERT INTO `BurgerCity`.`OrderItems` (`ordersItemsId`, `createdAt`, `updatedAt`, `quantity`, `Orders_orderId`, `Products_productsId`) VALUES (6, DEFAULT, NULL, 3, 4, 21);
INSERT INTO `BurgerCity`.`OrderItems` (`ordersItemsId`, `createdAt`, `updatedAt`, `quantity`, `Orders_orderId`, `Products_productsId`) VALUES (7, DEFAULT, NULL, 1, 5, 2);
INSERT INTO `BurgerCity`.`OrderItems` (`ordersItemsId`, `createdAt`, `updatedAt`, `quantity`, `Orders_orderId`, `Products_productsId`) VALUES (8, DEFAULT, NULL, 1, 6, 8);
INSERT INTO `BurgerCity`.`OrderItems` (`ordersItemsId`, `createdAt`, `updatedAt`, `quantity`, `Orders_orderId`, `Products_productsId`) VALUES (9, DEFAULT, NULL, 1, 6, 25);
INSERT INTO `BurgerCity`.`OrderItems` (`ordersItemsId`, `createdAt`, `updatedAt`, `quantity`, `Orders_orderId`, `Products_productsId`) VALUES (10, DEFAULT, NULL, 6, 7, 2);
INSERT INTO `BurgerCity`.`OrderItems` (`ordersItemsId`, `createdAt`, `updatedAt`, `quantity`, `Orders_orderId`, `Products_productsId`) VALUES (11, DEFAULT, NULL, 2, 8, 13);
INSERT INTO `BurgerCity`.`OrderItems` (`ordersItemsId`, `createdAt`, `updatedAt`, `quantity`, `Orders_orderId`, `Products_productsId`) VALUES (12, DEFAULT, NULL, 2, 8, 21);
INSERT INTO `BurgerCity`.`OrderItems` (`ordersItemsId`, `createdAt`, `updatedAt`, `quantity`, `Orders_orderId`, `Products_productsId`) VALUES (13, DEFAULT, NULL, 2, 8, 26);

COMMIT;


-- -----------------------------------------------------
-- Data for table `BurgerCity`.`AdressHelper`
-- -----------------------------------------------------
START TRANSACTION;
USE `BurgerCity`;
INSERT INTO `BurgerCity`.`AdressHelper` (`adressHelperId`, `createdAt`, `updatedAt`, `Account_accountId`, `Adress_adressId`) VALUES (1, DEFAULT, NULL, 1, 1);
INSERT INTO `BurgerCity`.`AdressHelper` (`adressHelperId`, `createdAt`, `updatedAt`, `Account_accountId`, `Adress_adressId`) VALUES (2, DEFAULT, NULL, 1, 2);
INSERT INTO `BurgerCity`.`AdressHelper` (`adressHelperId`, `createdAt`, `updatedAt`, `Account_accountId`, `Adress_adressId`) VALUES (3, DEFAULT, NULL, 2, 2);
INSERT INTO `BurgerCity`.`AdressHelper` (`adressHelperId`, `createdAt`, `updatedAt`, `Account_accountId`, `Adress_adressId`) VALUES (4, DEFAULT, NULL, 2, 3);
INSERT INTO `BurgerCity`.`AdressHelper` (`adressHelperId`, `createdAt`, `updatedAt`, `Account_accountId`, `Adress_adressId`) VALUES (5, DEFAULT, NULL, 2, 4);

COMMIT;


-- -----------------------------------------------------
-- Data for table `BurgerCity`.`Ingredients`
-- -----------------------------------------------------
START TRANSACTION;
USE `BurgerCity`;
INSERT INTO `BurgerCity`.`Ingredients` (`ingedientsId`, `createdAt`, `updatedAt`, `description`, `foodtype`) VALUES (1, '15.01.2021/19.30', NULL, 'Rindfleisch Burger', 'omnivore');
INSERT INTO `BurgerCity`.`Ingredients` (`ingedientsId`, `createdAt`, `updatedAt`, `description`, `foodtype`) VALUES (2, '15.01.2021/19.30', NULL, 'Hünchen Burger', 'omnivore');
INSERT INTO `BurgerCity`.`Ingredients` (`ingedientsId`, `createdAt`, `updatedAt`, `description`, `foodtype`) VALUES (3, '15.01.2021/19.30', NULL, 'Vegetarische Burger', 'vegan');
INSERT INTO `BurgerCity`.`Ingredients` (`ingedientsId`, `createdAt`, `updatedAt`, `description`, `foodtype`) VALUES (4, '15.01.2021/19.30', NULL, 'Sesambrötchen', 'vegan');
INSERT INTO `BurgerCity`.`Ingredients` (`ingedientsId`, `createdAt`, `updatedAt`, `description`, `foodtype`) VALUES (5, '15.01.2021/19.30', NULL, 'Zwiebeln', 'vegan');
INSERT INTO `BurgerCity`.`Ingredients` (`ingedientsId`, `createdAt`, `updatedAt`, `description`, `foodtype`) VALUES (6, '15.01.2021/19.30', NULL, 'Speck', 'omnivore');
INSERT INTO `BurgerCity`.`Ingredients` (`ingedientsId`, `createdAt`, `updatedAt`, `description`, `foodtype`) VALUES (7, '15.01.2021/19.30', NULL, 'Tomaten', 'vegan');
INSERT INTO `BurgerCity`.`Ingredients` (`ingedientsId`, `createdAt`, `updatedAt`, `description`, `foodtype`) VALUES (8, '15.01.2021/19.30', NULL, 'Gurken', 'vegan');
INSERT INTO `BurgerCity`.`Ingredients` (`ingedientsId`, `createdAt`, `updatedAt`, `description`, `foodtype`) VALUES (9, '15.01.2021/19.30', NULL, 'Salat', 'vegan');
INSERT INTO `BurgerCity`.`Ingredients` (`ingedientsId`, `createdAt`, `updatedAt`, `description`, `foodtype`) VALUES (10, '15.01.2021/19.30', NULL, 'Ei', 'veggie');
INSERT INTO `BurgerCity`.`Ingredients` (`ingedientsId`, `createdAt`, `updatedAt`, `description`, `foodtype`) VALUES (11, '15.01.2021/19.30', NULL, 'Cheddar', 'veggie');
INSERT INTO `BurgerCity`.`Ingredients` (`ingedientsId`, `createdAt`, `updatedAt`, `description`, `foodtype`) VALUES (12, '15.01.2021/19.30', NULL, 'Veganer Käse', 'vegan');
INSERT INTO `BurgerCity`.`Ingredients` (`ingedientsId`, `createdAt`, `updatedAt`, `description`, `foodtype`) VALUES (13, '15.01.2021/19.30', NULL, 'Mozzarella', 'veggie');
INSERT INTO `BurgerCity`.`Ingredients` (`ingedientsId`, `createdAt`, `updatedAt`, `description`, `foodtype`) VALUES (14, '15.01.2021/19.30', NULL, 'rote Zwiebeln', 'vegan');
INSERT INTO `BurgerCity`.`Ingredients` (`ingedientsId`, `createdAt`, `updatedAt`, `description`, `foodtype`) VALUES (15, '15.01.2021/19.30', NULL, 'Halloumi', 'veggie');
INSERT INTO `BurgerCity`.`Ingredients` (`ingedientsId`, `createdAt`, `updatedAt`, `description`, `foodtype`) VALUES (16, '15.01.2021/19.30', NULL, 'Jalapeños', 'vegan');
INSERT INTO `BurgerCity`.`Ingredients` (`ingedientsId`, `createdAt`, `updatedAt`, `description`, `foodtype`) VALUES (17, '15.01.2021/19.30', NULL, 'Mais', 'vegan');
INSERT INTO `BurgerCity`.`Ingredients` (`ingedientsId`, `createdAt`, `updatedAt`, `description`, `foodtype`) VALUES (18, '15.01.2021/19.30', NULL, 'Rote Bohnen', 'vegan');
INSERT INTO `BurgerCity`.`Ingredients` (`ingedientsId`, `createdAt`, `updatedAt`, `description`, `foodtype`) VALUES (19, '15.01.2021/19.30', NULL, 'Ketchup', 'vegan');
INSERT INTO `BurgerCity`.`Ingredients` (`ingedientsId`, `createdAt`, `updatedAt`, `description`, `foodtype`) VALUES (20, '15.01.2021/19.30', NULL, 'Saure Sahne', 'veggie');
INSERT INTO `BurgerCity`.`Ingredients` (`ingedientsId`, `createdAt`, `updatedAt`, `description`, `foodtype`) VALUES (21, '15.01.2021/19.30', NULL, 'burger sauce', 'veggie');
INSERT INTO `BurgerCity`.`Ingredients` (`ingedientsId`, `createdAt`, `updatedAt`, `description`, `foodtype`) VALUES (22, '15.01.2021/19.30', NULL, 'Wasabi', 'vegan');
INSERT INTO `BurgerCity`.`Ingredients` (`ingedientsId`, `createdAt`, `updatedAt`, `description`, `foodtype`) VALUES (23, '15.01.2021/19.30', NULL, 'Mayonnaise', 'veggie');
INSERT INTO `BurgerCity`.`Ingredients` (`ingedientsId`, `createdAt`, `updatedAt`, `description`, `foodtype`) VALUES (24, '15.01.2021/19.30', NULL, 'BBQ Soße', 'vegan');
INSERT INTO `BurgerCity`.`Ingredients` (`ingedientsId`, `createdAt`, `updatedAt`, `description`, `foodtype`) VALUES (25, '15.01.2021/19.30', NULL, 'Balsamico ', 'vegan');
INSERT INTO `BurgerCity`.`Ingredients` (`ingedientsId`, `createdAt`, `updatedAt`, `description`, `foodtype`) VALUES (26, '15.01.2021/19.30', NULL, 'Roggenbrötchen', 'vegan');

COMMIT;


-- -----------------------------------------------------
-- Data for table `BurgerCity`.`ProductHelper`
-- -----------------------------------------------------
START TRANSACTION;
USE `BurgerCity`;
INSERT INTO `BurgerCity`.`ProductHelper` (`productHelperId`, `createdAt`, `updatedAt`, `Products_productsId`, `Ingedients_ingedientsId`) VALUES (1, DEFAULT, NULL, 1, 1);
INSERT INTO `BurgerCity`.`ProductHelper` (`productHelperId`, `createdAt`, `updatedAt`, `Products_productsId`, `Ingedients_ingedientsId`) VALUES (2, DEFAULT, NULL, 1, 4);
INSERT INTO `BurgerCity`.`ProductHelper` (`productHelperId`, `createdAt`, `updatedAt`, `Products_productsId`, `Ingedients_ingedientsId`) VALUES (3, DEFAULT, NULL, 1, 8);
INSERT INTO `BurgerCity`.`ProductHelper` (`productHelperId`, `createdAt`, `updatedAt`, `Products_productsId`, `Ingedients_ingedientsId`) VALUES (4, DEFAULT, NULL, 1, 19);
INSERT INTO `BurgerCity`.`ProductHelper` (`productHelperId`, `createdAt`, `updatedAt`, `Products_productsId`, `Ingedients_ingedientsId`) VALUES (5, DEFAULT, NULL, 2, 1);
INSERT INTO `BurgerCity`.`ProductHelper` (`productHelperId`, `createdAt`, `updatedAt`, `Products_productsId`, `Ingedients_ingedientsId`) VALUES (6, DEFAULT, NULL, 2, 11);
INSERT INTO `BurgerCity`.`ProductHelper` (`productHelperId`, `createdAt`, `updatedAt`, `Products_productsId`, `Ingedients_ingedientsId`) VALUES (7, DEFAULT, NULL, 2, 1);
INSERT INTO `BurgerCity`.`ProductHelper` (`productHelperId`, `createdAt`, `updatedAt`, `Products_productsId`, `Ingedients_ingedientsId`) VALUES (8, DEFAULT, NULL, 2, 9);
INSERT INTO `BurgerCity`.`ProductHelper` (`productHelperId`, `createdAt`, `updatedAt`, `Products_productsId`, `Ingedients_ingedientsId`) VALUES (9, DEFAULT, NULL, 2, 8);
INSERT INTO `BurgerCity`.`ProductHelper` (`productHelperId`, `createdAt`, `updatedAt`, `Products_productsId`, `Ingedients_ingedientsId`) VALUES (10, DEFAULT, NULL, 3, 1);
INSERT INTO `BurgerCity`.`ProductHelper` (`productHelperId`, `createdAt`, `updatedAt`, `Products_productsId`, `Ingedients_ingedientsId`) VALUES (11, DEFAULT, NULL, 3, 4);
INSERT INTO `BurgerCity`.`ProductHelper` (`productHelperId`, `createdAt`, `updatedAt`, `Products_productsId`, `Ingedients_ingedientsId`) VALUES (12, DEFAULT, NULL, 3, 5);
INSERT INTO `BurgerCity`.`ProductHelper` (`productHelperId`, `createdAt`, `updatedAt`, `Products_productsId`, `Ingedients_ingedientsId`) VALUES (13, DEFAULT, NULL, 3, 7);
INSERT INTO `BurgerCity`.`ProductHelper` (`productHelperId`, `createdAt`, `updatedAt`, `Products_productsId`, `Ingedients_ingedientsId`) VALUES (14, DEFAULT, NULL, 3, 13);
INSERT INTO `BurgerCity`.`ProductHelper` (`productHelperId`, `createdAt`, `updatedAt`, `Products_productsId`, `Ingedients_ingedientsId`) VALUES (15, DEFAULT, NULL, 4, 4);
INSERT INTO `BurgerCity`.`ProductHelper` (`productHelperId`, `createdAt`, `updatedAt`, `Products_productsId`, `Ingedients_ingedientsId`) VALUES (16, DEFAULT, NULL, 4, 2);
INSERT INTO `BurgerCity`.`ProductHelper` (`productHelperId`, `createdAt`, `updatedAt`, `Products_productsId`, `Ingedients_ingedientsId`) VALUES (17, DEFAULT, NULL, 4, 8);
INSERT INTO `BurgerCity`.`ProductHelper` (`productHelperId`, `createdAt`, `updatedAt`, `Products_productsId`, `Ingedients_ingedientsId`) VALUES (18, DEFAULT, NULL, 4, 9);
INSERT INTO `BurgerCity`.`ProductHelper` (`productHelperId`, `createdAt`, `updatedAt`, `Products_productsId`, `Ingedients_ingedientsId`) VALUES (19, DEFAULT, NULL, 4, 11);
INSERT INTO `BurgerCity`.`ProductHelper` (`productHelperId`, `createdAt`, `updatedAt`, `Products_productsId`, `Ingedients_ingedientsId`) VALUES (20, DEFAULT, NULL, 5, 1);
INSERT INTO `BurgerCity`.`ProductHelper` (`productHelperId`, `createdAt`, `updatedAt`, `Products_productsId`, `Ingedients_ingedientsId`) VALUES (21, DEFAULT, NULL, 5, 4);
INSERT INTO `BurgerCity`.`ProductHelper` (`productHelperId`, `createdAt`, `updatedAt`, `Products_productsId`, `Ingedients_ingedientsId`) VALUES (22, DEFAULT, NULL, 5, 8);
INSERT INTO `BurgerCity`.`ProductHelper` (`productHelperId`, `createdAt`, `updatedAt`, `Products_productsId`, `Ingedients_ingedientsId`) VALUES (23, DEFAULT, NULL, 5, 9);
INSERT INTO `BurgerCity`.`ProductHelper` (`productHelperId`, `createdAt`, `updatedAt`, `Products_productsId`, `Ingedients_ingedientsId`) VALUES (24, DEFAULT, NULL, 5, 11);
INSERT INTO `BurgerCity`.`ProductHelper` (`productHelperId`, `createdAt`, `updatedAt`, `Products_productsId`, `Ingedients_ingedientsId`) VALUES (25, DEFAULT, NULL, 5, 19);
INSERT INTO `BurgerCity`.`ProductHelper` (`productHelperId`, `createdAt`, `updatedAt`, `Products_productsId`, `Ingedients_ingedientsId`) VALUES (26, DEFAULT, NULL, 6, 3);
INSERT INTO `BurgerCity`.`ProductHelper` (`productHelperId`, `createdAt`, `updatedAt`, `Products_productsId`, `Ingedients_ingedientsId`) VALUES (27, DEFAULT, NULL, 6, 26);
INSERT INTO `BurgerCity`.`ProductHelper` (`productHelperId`, `createdAt`, `updatedAt`, `Products_productsId`, `Ingedients_ingedientsId`) VALUES (28, DEFAULT, NULL, 6, 12);
INSERT INTO `BurgerCity`.`ProductHelper` (`productHelperId`, `createdAt`, `updatedAt`, `Products_productsId`, `Ingedients_ingedientsId`) VALUES (29, DEFAULT, NULL, 6, 14);
INSERT INTO `BurgerCity`.`ProductHelper` (`productHelperId`, `createdAt`, `updatedAt`, `Products_productsId`, `Ingedients_ingedientsId`) VALUES (30, DEFAULT, NULL, 6, 25);
INSERT INTO `BurgerCity`.`ProductHelper` (`productHelperId`, `createdAt`, `updatedAt`, `Products_productsId`, `Ingedients_ingedientsId`) VALUES (40, DEFAULT, NULL, 7, 4);
INSERT INTO `BurgerCity`.`ProductHelper` (`productHelperId`, `createdAt`, `updatedAt`, `Products_productsId`, `Ingedients_ingedientsId`) VALUES (41, DEFAULT, NULL, 7, 5);
INSERT INTO `BurgerCity`.`ProductHelper` (`productHelperId`, `createdAt`, `updatedAt`, `Products_productsId`, `Ingedients_ingedientsId`) VALUES (42, DEFAULT, NULL, 7, 7);
INSERT INTO `BurgerCity`.`ProductHelper` (`productHelperId`, `createdAt`, `updatedAt`, `Products_productsId`, `Ingedients_ingedientsId`) VALUES (43, DEFAULT, NULL, 7, 9);
INSERT INTO `BurgerCity`.`ProductHelper` (`productHelperId`, `createdAt`, `updatedAt`, `Products_productsId`, `Ingedients_ingedientsId`) VALUES (44, DEFAULT, NULL, 7, 15);
INSERT INTO `BurgerCity`.`ProductHelper` (`productHelperId`, `createdAt`, `updatedAt`, `Products_productsId`, `Ingedients_ingedientsId`) VALUES (45, DEFAULT, NULL, 7, 22);
INSERT INTO `BurgerCity`.`ProductHelper` (`productHelperId`, `createdAt`, `updatedAt`, `Products_productsId`, `Ingedients_ingedientsId`) VALUES (46, DEFAULT, NULL, 7, 25);
INSERT INTO `BurgerCity`.`ProductHelper` (`productHelperId`, `createdAt`, `updatedAt`, `Products_productsId`, `Ingedients_ingedientsId`) VALUES (47, DEFAULT, NULL, 8, 1);
INSERT INTO `BurgerCity`.`ProductHelper` (`productHelperId`, `createdAt`, `updatedAt`, `Products_productsId`, `Ingedients_ingedientsId`) VALUES (48, DEFAULT, NULL, 8, 4);
INSERT INTO `BurgerCity`.`ProductHelper` (`productHelperId`, `createdAt`, `updatedAt`, `Products_productsId`, `Ingedients_ingedientsId`) VALUES (49, DEFAULT, NULL, 8, 5);
INSERT INTO `BurgerCity`.`ProductHelper` (`productHelperId`, `createdAt`, `updatedAt`, `Products_productsId`, `Ingedients_ingedientsId`) VALUES (50, DEFAULT, NULL, 8, 9);
INSERT INTO `BurgerCity`.`ProductHelper` (`productHelperId`, `createdAt`, `updatedAt`, `Products_productsId`, `Ingedients_ingedientsId`) VALUES (51, DEFAULT, NULL, 8, 11);
INSERT INTO `BurgerCity`.`ProductHelper` (`productHelperId`, `createdAt`, `updatedAt`, `Products_productsId`, `Ingedients_ingedientsId`) VALUES (52, DEFAULT, NULL, 8, 16);
INSERT INTO `BurgerCity`.`ProductHelper` (`productHelperId`, `createdAt`, `updatedAt`, `Products_productsId`, `Ingedients_ingedientsId`) VALUES (53, DEFAULT, NULL, 8, 21);
INSERT INTO `BurgerCity`.`ProductHelper` (`productHelperId`, `createdAt`, `updatedAt`, `Products_productsId`, `Ingedients_ingedientsId`) VALUES (54, DEFAULT, NULL, 9, 2);
INSERT INTO `BurgerCity`.`ProductHelper` (`productHelperId`, `createdAt`, `updatedAt`, `Products_productsId`, `Ingedients_ingedientsId`) VALUES (55, DEFAULT, NULL, 9, 4);
INSERT INTO `BurgerCity`.`ProductHelper` (`productHelperId`, `createdAt`, `updatedAt`, `Products_productsId`, `Ingedients_ingedientsId`) VALUES (56, DEFAULT, NULL, 9, 5);
INSERT INTO `BurgerCity`.`ProductHelper` (`productHelperId`, `createdAt`, `updatedAt`, `Products_productsId`, `Ingedients_ingedientsId`) VALUES (57, DEFAULT, NULL, 9, 8);
INSERT INTO `BurgerCity`.`ProductHelper` (`productHelperId`, `createdAt`, `updatedAt`, `Products_productsId`, `Ingedients_ingedientsId`) VALUES (58, DEFAULT, NULL, 9, 9);
INSERT INTO `BurgerCity`.`ProductHelper` (`productHelperId`, `createdAt`, `updatedAt`, `Products_productsId`, `Ingedients_ingedientsId`) VALUES (59, DEFAULT, NULL, 9, 11);
INSERT INTO `BurgerCity`.`ProductHelper` (`productHelperId`, `createdAt`, `updatedAt`, `Products_productsId`, `Ingedients_ingedientsId`) VALUES (60, DEFAULT, NULL, 9, 21);
INSERT INTO `BurgerCity`.`ProductHelper` (`productHelperId`, `createdAt`, `updatedAt`, `Products_productsId`, `Ingedients_ingedientsId`) VALUES (61, DEFAULT, NULL, 10, 1);
INSERT INTO `BurgerCity`.`ProductHelper` (`productHelperId`, `createdAt`, `updatedAt`, `Products_productsId`, `Ingedients_ingedientsId`) VALUES (62, DEFAULT, NULL, 10, 4);
INSERT INTO `BurgerCity`.`ProductHelper` (`productHelperId`, `createdAt`, `updatedAt`, `Products_productsId`, `Ingedients_ingedientsId`) VALUES (63, DEFAULT, NULL, 10, 8);
INSERT INTO `BurgerCity`.`ProductHelper` (`productHelperId`, `createdAt`, `updatedAt`, `Products_productsId`, `Ingedients_ingedientsId`) VALUES (64, DEFAULT, NULL, 10, 9);
INSERT INTO `BurgerCity`.`ProductHelper` (`productHelperId`, `createdAt`, `updatedAt`, `Products_productsId`, `Ingedients_ingedientsId`) VALUES (65, DEFAULT, NULL, 10, 11);
INSERT INTO `BurgerCity`.`ProductHelper` (`productHelperId`, `createdAt`, `updatedAt`, `Products_productsId`, `Ingedients_ingedientsId`) VALUES (66, DEFAULT, NULL, 10, 19);
INSERT INTO `BurgerCity`.`ProductHelper` (`productHelperId`, `createdAt`, `updatedAt`, `Products_productsId`, `Ingedients_ingedientsId`) VALUES (67, DEFAULT, NULL, 11, 1);
INSERT INTO `BurgerCity`.`ProductHelper` (`productHelperId`, `createdAt`, `updatedAt`, `Products_productsId`, `Ingedients_ingedientsId`) VALUES (68, DEFAULT, NULL, 11, 26);
INSERT INTO `BurgerCity`.`ProductHelper` (`productHelperId`, `createdAt`, `updatedAt`, `Products_productsId`, `Ingedients_ingedientsId`) VALUES (69, DEFAULT, NULL, 11, 5);
INSERT INTO `BurgerCity`.`ProductHelper` (`productHelperId`, `createdAt`, `updatedAt`, `Products_productsId`, `Ingedients_ingedientsId`) VALUES (70, DEFAULT, NULL, 11, 7);
INSERT INTO `BurgerCity`.`ProductHelper` (`productHelperId`, `createdAt`, `updatedAt`, `Products_productsId`, `Ingedients_ingedientsId`) VALUES (71, DEFAULT, NULL, 11, 8);
INSERT INTO `BurgerCity`.`ProductHelper` (`productHelperId`, `createdAt`, `updatedAt`, `Products_productsId`, `Ingedients_ingedientsId`) VALUES (72, DEFAULT, NULL, 11, 10);
INSERT INTO `BurgerCity`.`ProductHelper` (`productHelperId`, `createdAt`, `updatedAt`, `Products_productsId`, `Ingedients_ingedientsId`) VALUES (73, DEFAULT, NULL, 11, 11);
INSERT INTO `BurgerCity`.`ProductHelper` (`productHelperId`, `createdAt`, `updatedAt`, `Products_productsId`, `Ingedients_ingedientsId`) VALUES (74, DEFAULT, NULL, 11, 23);
INSERT INTO `BurgerCity`.`ProductHelper` (`productHelperId`, `createdAt`, `updatedAt`, `Products_productsId`, `Ingedients_ingedientsId`) VALUES (75, DEFAULT, NULL, 11, 21);
INSERT INTO `BurgerCity`.`ProductHelper` (`productHelperId`, `createdAt`, `updatedAt`, `Products_productsId`, `Ingedients_ingedientsId`) VALUES (77, DEFAULT, NULL, 13, 4);
INSERT INTO `BurgerCity`.`ProductHelper` (`productHelperId`, `createdAt`, `updatedAt`, `Products_productsId`, `Ingedients_ingedientsId`) VALUES (78, DEFAULT, NULL, 13, 14);
INSERT INTO `BurgerCity`.`ProductHelper` (`productHelperId`, `createdAt`, `updatedAt`, `Products_productsId`, `Ingedients_ingedientsId`) VALUES (79, DEFAULT, NULL, 13, 6);
INSERT INTO `BurgerCity`.`ProductHelper` (`productHelperId`, `createdAt`, `updatedAt`, `Products_productsId`, `Ingedients_ingedientsId`) VALUES (80, DEFAULT, NULL, 13, 9);
INSERT INTO `BurgerCity`.`ProductHelper` (`productHelperId`, `createdAt`, `updatedAt`, `Products_productsId`, `Ingedients_ingedientsId`) VALUES (81, DEFAULT, NULL, 13, 11);
INSERT INTO `BurgerCity`.`ProductHelper` (`productHelperId`, `createdAt`, `updatedAt`, `Products_productsId`, `Ingedients_ingedientsId`) VALUES (82, DEFAULT, NULL, 13, 15);
INSERT INTO `BurgerCity`.`ProductHelper` (`productHelperId`, `createdAt`, `updatedAt`, `Products_productsId`, `Ingedients_ingedientsId`) VALUES (83, DEFAULT, NULL, 13, 17);
INSERT INTO `BurgerCity`.`ProductHelper` (`productHelperId`, `createdAt`, `updatedAt`, `Products_productsId`, `Ingedients_ingedientsId`) VALUES (84, DEFAULT, NULL, 13, 18);
INSERT INTO `BurgerCity`.`ProductHelper` (`productHelperId`, `createdAt`, `updatedAt`, `Products_productsId`, `Ingedients_ingedientsId`) VALUES (85, DEFAULT, NULL, 13, 24);

COMMIT;

