-- MySQL Script generated by MySQL Workbench
-- Tue Jan 19 20:41:36 2021
-- Model: New Model    Version: 1.0
-- MySQL Workbench Forward Engineering

SET @OLD_UNIQUE_CHECKS=@@UNIQUE_CHECKS, UNIQUE_CHECKS=0;
SET @OLD_FOREIGN_KEY_CHECKS=@@FOREIGN_KEY_CHECKS, FOREIGN_KEY_CHECKS=0;
SET @OLD_SQL_MODE=@@SQL_MODE, SQL_MODE='ONLY_FULL_GROUP_BY,STRICT_TRANS_TABLES,NO_ZERO_IN_DATE,NO_ZERO_DATE,ERROR_FOR_DIVISION_BY_ZERO,NO_ENGINE_SUBSTITUTION';

-- -----------------------------------------------------
-- Schema BurgerCity
-- -----------------------------------------------------

-- -----------------------------------------------------
-- Schema BurgerCity
-- -----------------------------------------------------
CREATE SCHEMA IF NOT EXISTS `BurgerCity` DEFAULT CHARACTER SET utf8 ;
USE `BurgerCity` ;

-- -----------------------------------------------------
-- Table `BurgerCity`.`Products`
-- -----------------------------------------------------
CREATE TABLE IF NOT EXISTS `BurgerCity`.`Products` (
  `productsId` INT NOT NULL AUTO_INCREMENT,
  `createdAt` TIMESTAMP NOT NULL,
  `updatedAt` TIMESTAMP NULL ON UPDATE CURRENT_TIMESTAMP,
  `description` VARCHAR(255) NOT NULL,
  `pictureURL` VARCHAR(255) NOT NULL,
  `altText` VARCHAR(255) NOT NULL,
  `favorites` TINYINT NOT NULL,
  `price` DECIMAL(15,2) NULL,
  PRIMARY KEY (`productsId`))
ENGINE = InnoDB;


-- -----------------------------------------------------
-- Table `BurgerCity`.`Category`
-- -----------------------------------------------------
CREATE TABLE IF NOT EXISTS `BurgerCity`.`Category` (
  `categoryId` INT NOT NULL AUTO_INCREMENT,
  `createdAt` TIMESTAMP NOT NULL DEFAULT CURRENT_TIMESTAMP,
  `updatedAt` TIMESTAMP NULL ON UPDATE CURRENT_TIMESTAMP,
  `categoryName` VARCHAR(255) NOT NULL,
  `description` VARCHAR(45) NULL,
  PRIMARY KEY (`categoryId`));


-- -----------------------------------------------------
-- Table `BurgerCity`.`CategoryHelper`
-- -----------------------------------------------------
CREATE TABLE IF NOT EXISTS `BurgerCity`.`CategoryHelper` (
  `CategoryHelperId` INT NOT NULL AUTO_INCREMENT,
  `createdAt` TIMESTAMP NOT NULL DEFAULT CURRENT_TIMESTAMP,
  `updatedAt` TIMESTAMP NULL ON UPDATE CURRENT_TIMESTAMP,
  `Category_categoryId` INT NOT NULL,
  `Products_productsId` INT NOT NULL,
  PRIMARY KEY (`CategoryHelperId`),
  INDEX `fk_CategoryHelper_Category1_idx` (`Category_categoryId` ASC) VISIBLE,
  INDEX `fk_CategoryHelper_Products1_idx` (`Products_productsId` ASC) VISIBLE,
  CONSTRAINT `fk_CategoryHelper_Category1`
    FOREIGN KEY (`Category_categoryId`)
    REFERENCES `BurgerCity`.`Category` (`categoryId`)
    ON DELETE NO ACTION
    ON UPDATE NO ACTION,
  CONSTRAINT `fk_CategoryHelper_Products1`
    FOREIGN KEY (`Products_productsId`)
    REFERENCES `BurgerCity`.`Products` (`productsId`)
    ON DELETE NO ACTION
    ON UPDATE NO ACTION);


-- -----------------------------------------------------
-- Table `BurgerCity`.`Adress`
-- -----------------------------------------------------
CREATE TABLE IF NOT EXISTS `BurgerCity`.`Adress` (
  `adressId` INT NOT NULL AUTO_INCREMENT,
  `createdAt` TIMESTAMP NOT NULL DEFAULT CURRENT_TIMESTAMP,
  `updatedAt` TIMESTAMP NULL ON UPDATE CURRENT_TIMESTAMP,
  `zipCode` VARCHAR(12) NOT NULL,
  `city` VARCHAR(60) NOT NULL,
  `street` VARCHAR(200) NOT NULL,
  `number` VARCHAR(10) NOT NULL,
  PRIMARY KEY (`adressId`));


-- -----------------------------------------------------
-- Table `BurgerCity`.`Account`
-- -----------------------------------------------------
CREATE TABLE IF NOT EXISTS `BurgerCity`.`Account` (
  `accountId` INT NOT NULL AUTO_INCREMENT,
  `createdAt` TIMESTAMP NOT NULL DEFAULT CURRENT_TIMESTAMP,
  `updatedAt` TIMESTAMP NULL ON UPDATE CURRENT_TIMESTAMP,
  `email` VARCHAR(320) NOT NULL,
  `passwordHash` VARCHAR(255) NOT NULL,
  `birthday` DATE NOT NULL,
  `firstName` VARCHAR(50) NOT NULL,
  `lastName` VARCHAR(50) NOT NULL,
  `phoneNumber` VARCHAR(50) NOT NULL,
  `isAdmin` TINYINT NOT NULL,
  PRIMARY KEY (`accountId`),
  UNIQUE INDEX `email_UNIQUE` (`email` ASC) VISIBLE);


-- -----------------------------------------------------
-- Table `BurgerCity`.`Orders`
-- -----------------------------------------------------
CREATE TABLE IF NOT EXISTS `BurgerCity`.`Orders` (
  `orderId` INT NOT NULL AUTO_INCREMENT,
  `createdAt` TIMESTAMP NOT NULL DEFAULT CURRENT_TIMESTAMP,
  `updatedAt` TIMESTAMP NULL ON UPDATE CURRENT_TIMESTAMP,
  `orderDate` DATE NOT NULL,
  `customerId` INT NOT NULL,
  `deliveryAdressId` INT NOT NULL,
  `deliveryInformation` VARCHAR(255) NULL,
  PRIMARY KEY (`orderId`),
  INDEX `fk_Orders_Adress1_idx` (`deliveryAdressId` ASC) VISIBLE,
  INDEX `fk_Orders_Account1_idx` (`customerId` ASC) VISIBLE,
  CONSTRAINT `fk_Orders_Adress1`
    FOREIGN KEY (`deliveryAdressId`)
    REFERENCES `BurgerCity`.`Adress` (`adressId`)
    ON DELETE NO ACTION
    ON UPDATE NO ACTION,
  CONSTRAINT `fk_Orders_Account1`
    FOREIGN KEY (`customerId`)
    REFERENCES `BurgerCity`.`Account` (`accountId`)
    ON DELETE NO ACTION
    ON UPDATE NO ACTION);


-- -----------------------------------------------------
-- Table `BurgerCity`.`OrderItems`
-- -----------------------------------------------------
CREATE TABLE IF NOT EXISTS `BurgerCity`.`OrderItems` (
  `ordersItemsId` INT NOT NULL AUTO_INCREMENT,
  `createdAt` TIMESTAMP NOT NULL DEFAULT CURRENT_TIMESTAMP,
  `updatedAt` TIMESTAMP NULL ON UPDATE CURRENT_TIMESTAMP,
  `productid` INT NOT NULL,
  `quantity` INT NOT NULL,
  `orderId` INT NOT NULL,
  PRIMARY KEY (`ordersItemsId`),
  INDEX `fk_OrderItems_Products1_idx` (`productid` ASC) VISIBLE,
  INDEX `fk_OrderItems_Orders1_idx` (`orderId` ASC) VISIBLE,
  CONSTRAINT `fk_OrderItems_Products1`
    FOREIGN KEY (`productid`)
    REFERENCES `BurgerCity`.`Products` (`productsId`)
    ON DELETE NO ACTION
    ON UPDATE NO ACTION,
  CONSTRAINT `fk_OrderItems_Orders1`
    FOREIGN KEY (`orderId`)
    REFERENCES `BurgerCity`.`Orders` (`orderId`)
    ON DELETE NO ACTION
    ON UPDATE NO ACTION);


-- -----------------------------------------------------
-- Table `BurgerCity`.`AdressHelper`
-- -----------------------------------------------------
CREATE TABLE IF NOT EXISTS `BurgerCity`.`AdressHelper` (
  `adresshelperId` INT NOT NULL AUTO_INCREMENT,
  `createdAt` TIMESTAMP NOT NULL DEFAULT CURRENT_TIMESTAMP,
  `updatedAt` TIMESTAMP NULL ON UPDATE CURRENT_TIMESTAMP,
  `addressId` INT NOT NULL,
  `Account_accountId` INT NOT NULL,
  PRIMARY KEY (`adresshelperId`),
  INDEX `fk_AdressHelper_Adress1_idx` (`addressId` ASC) VISIBLE,
  INDEX `fk_AdressHelper_Account1_idx` (`Account_accountId` ASC) VISIBLE,
  CONSTRAINT `fk_AdressHelper_Adress1`
    FOREIGN KEY (`addressId`)
    REFERENCES `BurgerCity`.`Adress` (`adressId`)
    ON DELETE NO ACTION
    ON UPDATE NO ACTION,
  CONSTRAINT `fk_AdressHelper_Account1`
    FOREIGN KEY (`Account_accountId`)
    REFERENCES `BurgerCity`.`Account` (`accountId`)
    ON DELETE NO ACTION
    ON UPDATE NO ACTION);


-- -----------------------------------------------------
-- Table `BurgerCity`.`Ingedients`
-- -----------------------------------------------------
CREATE TABLE IF NOT EXISTS `BurgerCity`.`Ingedients` (
  `ingedientsId` INT NOT NULL AUTO_INCREMENT,
  `createdAt` TIMESTAMP NOT NULL DEFAULT CURRENT_TIMESTAMP,
  `updatedAt` TIMESTAMP NULL ON UPDATE CURRENT_TIMESTAMP,
  `description` VARCHAR(255) NOT NULL,
  `numberOfStock` INT NOT NULL,
  PRIMARY KEY (`ingedientsId`));


-- -----------------------------------------------------
-- Table `BurgerCity`.`ProductHelper`
-- -----------------------------------------------------
CREATE TABLE IF NOT EXISTS `BurgerCity`.`ProductHelper` (
  `productHelperId` INT NOT NULL AUTO_INCREMENT,
  `createdAt` TIMESTAMP NOT NULL DEFAULT CURRENT_TIMESTAMP,
  `updatedAt` TIMESTAMP NULL ON UPDATE CURRENT_TIMESTAMP,
  `productId` INT NOT NULL,
  `ingredientsId` INT NOT NULL,
  PRIMARY KEY (`productHelperId`),
  INDEX `fk_ProductHelper_Products1_idx` (`productId` ASC) VISIBLE,
  INDEX `fk_ProductHelper_Ingedients1_idx` (`ingredientsId` ASC) VISIBLE,
  CONSTRAINT `fk_ProductHelper_Products1`
    FOREIGN KEY (`productId`)
    REFERENCES `BurgerCity`.`Products` (`productsId`)
    ON DELETE NO ACTION
    ON UPDATE NO ACTION,
  CONSTRAINT `fk_ProductHelper_Ingedients1`
    FOREIGN KEY (`ingredientsId`)
    REFERENCES `BurgerCity`.`Ingedients` (`ingedientsId`)
    ON DELETE NO ACTION
    ON UPDATE NO ACTION);


SET SQL_MODE=@OLD_SQL_MODE;
SET FOREIGN_KEY_CHECKS=@OLD_FOREIGN_KEY_CHECKS;
SET UNIQUE_CHECKS=@OLD_UNIQUE_CHECKS;

-- -----------------------------------------------------
-- Data for table `BurgerCity`.`Products`
-- -----------------------------------------------------
START TRANSACTION;
USE `BurgerCity`;
INSERT INTO `BurgerCity`.`Products` (`productsId`, `createdAt`, `updatedAt`, `description`, `pictureURL`, `altText`, `favorites`, `price`) VALUES (1, '15.01.2021/20.15', NULL, 'Hamburger', 'assets/images', 'Hamburger', DEFAULT, 6.99);
INSERT INTO `BurgerCity`.`Products` (`productsId`, `createdAt`, `updatedAt`, `description`, `pictureURL`, `altText`, `favorites`, `price`) VALUES (2, '15.01.2021/20.15', NULL, 'Cheeseburger', 'assets/images', 'Cheeseburger', DEFAULT, 6.99);
INSERT INTO `BurgerCity`.`Products` (`productsId`, `createdAt`, `updatedAt`, `description`, `pictureURL`, `altText`, `favorites`, `price`) VALUES (3, '15.01.2021/20.15', NULL, 'Italian Burger', 'assets/images', 'Italian Burger', DEFAULT, 6.99);
INSERT INTO `BurgerCity`.`Products` (`productsId`, `createdAt`, `updatedAt`, `description`, `pictureURL`, `altText`, `favorites`, `price`) VALUES (4, '15.01.2021/20.15', NULL, 'Chicken Burger', 'assets/images', 'Chicken Burger', DEFAULT, 6.99);
INSERT INTO `BurgerCity`.`Products` (`productsId`, `createdAt`, `updatedAt`, `description`, `pictureURL`, `altText`, `favorites`, `price`) VALUES (5, '15.01.2021/20.15', NULL, 'Double Beef', 'assets/images', 'Double Beef', DEFAULT, 8.99);
INSERT INTO `BurgerCity`.`Products` (`productsId`, `createdAt`, `updatedAt`, `description`, `pictureURL`, `altText`, `favorites`, `price`) VALUES (6, '15.01.2021/20.15', NULL, 'Veggy Burger', 'assets/images', 'Veggy Burger', DEFAULT, 6.99);
INSERT INTO `BurgerCity`.`Products` (`productsId`, `createdAt`, `updatedAt`, `description`, `pictureURL`, `altText`, `favorites`, `price`) VALUES (7, '15.01.2021/20.15', NULL, 'Halloumi Burger', 'assets/images', 'Halloumi Burger', DEFAULT, 8.99);
INSERT INTO `BurgerCity`.`Products` (`productsId`, `createdAt`, `updatedAt`, `description`, `pictureURL`, `altText`, `favorites`, `price`) VALUES (8, '15.01.2021/20.15', NULL, 'Double Chili Burger', 'assets/images', 'Double Chili Burger', DEFAULT, 8.99);
INSERT INTO `BurgerCity`.`Products` (`productsId`, `createdAt`, `updatedAt`, `description`, `pictureURL`, `altText`, `favorites`, `price`) VALUES (9, '15.01.2021/20.15', NULL, 'Double Cicken', 'assets/images', 'Double Cicken', DEFAULT, 8.99);
INSERT INTO `BurgerCity`.`Products` (`productsId`, `createdAt`, `updatedAt`, `description`, `pictureURL`, `altText`, `favorites`, `price`) VALUES (10, '15.01.2021/20.15', NULL, 'Triple Cheeseburger', 'assets/images', 'Triple Cheeseburger', DEFAULT, 8.99);
INSERT INTO `BurgerCity`.`Products` (`productsId`, `createdAt`, `updatedAt`, `description`, `pictureURL`, `altText`, `favorites`, `price`) VALUES (11, '15.01.2021/20.15', NULL, 'German Burger', 'assets/images', 'German Burger', DEFAULT, 9.99);
INSERT INTO `BurgerCity`.`Products` (`productsId`, `createdAt`, `updatedAt`, `description`, `pictureURL`, `altText`, `favorites`, `price`) VALUES (13, '15.01.2021/20.15', NULL, 'BBQ Burger', 'assets/images', 'BBQ Burger', DEFAULT, 9.99);
INSERT INTO `BurgerCity`.`Products` (`productsId`, `createdAt`, `updatedAt`, `description`, `pictureURL`, `altText`, `favorites`, `price`) VALUES (14, '15.01.2021/20.15', NULL, 'water', 'assets/images', 'water', DEFAULT, 1.50);
INSERT INTO `BurgerCity`.`Products` (`productsId`, `createdAt`, `updatedAt`, `description`, `pictureURL`, `altText`, `favorites`, `price`) VALUES (15, '15.01.2021/20.15', NULL, 'cola', 'assets/images', 'cola', DEFAULT, 2.50);
INSERT INTO `BurgerCity`.`Products` (`productsId`, `createdAt`, `updatedAt`, `description`, `pictureURL`, `altText`, `favorites`, `price`) VALUES (16, '15.01.2021/20.15', NULL, 'cola light', 'assets/images', 'cola light', DEFAULT, 2.50);
INSERT INTO `BurgerCity`.`Products` (`productsId`, `createdAt`, `updatedAt`, `description`, `pictureURL`, `altText`, `favorites`, `price`) VALUES (17, '15.01.2021/20.15', NULL, 'coffee', 'assets/images', 'coffee', DEFAULT, 3.00);
INSERT INTO `BurgerCity`.`Products` (`productsId`, `createdAt`, `updatedAt`, `description`, `pictureURL`, `altText`, `favorites`, `price`) VALUES (18, '15.01.2021/20.15', NULL, 'tea', 'assets/images', 'tea', DEFAULT, 3.00);
INSERT INTO `BurgerCity`.`Products` (`productsId`, `createdAt`, `updatedAt`, `description`, `pictureURL`, `altText`, `favorites`, `price`) VALUES (19, '15.01.2021/20.15', NULL, 'lemonade', 'assets/images', 'lemonade', DEFAULT, 3.00);
INSERT INTO `BurgerCity`.`Products` (`productsId`, `createdAt`, `updatedAt`, `description`, `pictureURL`, `altText`, `favorites`, `price`) VALUES (20, '15.01.2021/20.15', NULL, 'potato fries', 'assets/images', 'potato fries', DEFAULT, 3.00);
INSERT INTO `BurgerCity`.`Products` (`productsId`, `createdAt`, `updatedAt`, `description`, `pictureURL`, `altText`, `favorites`, `price`) VALUES (21, '15.01.2021/20.15', NULL, 'sweet potato fries', 'assets/images', 'sweet potato fries', DEFAULT, 4.00);
INSERT INTO `BurgerCity`.`Products` (`productsId`, `createdAt`, `updatedAt`, `description`, `pictureURL`, `altText`, `favorites`, `price`) VALUES (22, '15.01.2021/20.15', NULL, 'potato wedges', 'assets/images', 'potato wedges', DEFAULT, 3.00);
INSERT INTO `BurgerCity`.`Products` (`productsId`, `createdAt`, `updatedAt`, `description`, `pictureURL`, `altText`, `favorites`, `price`) VALUES (23, '15.01.2021/20.15', NULL, 'chicken rolls', 'assets/images', 'chicken rolls', DEFAULT, 4.00);
INSERT INTO `BurgerCity`.`Products` (`productsId`, `createdAt`, `updatedAt`, `description`, `pictureURL`, `altText`, `favorites`, `price`) VALUES (24, '15.01.2021/20.15', NULL, 'cheese buns', 'assets/images', 'cheese buns', DEFAULT, 4.00);
INSERT INTO `BurgerCity`.`Products` (`productsId`, `createdAt`, `updatedAt`, `description`, `pictureURL`, `altText`, `favorites`, `price`) VALUES (25, '15.01.2021/20.15', NULL, 'cinnamon rolls', 'assets/images', 'cinnamon rolls', DEFAULT, 4.00);
INSERT INTO `BurgerCity`.`Products` (`productsId`, `createdAt`, `updatedAt`, `description`, `pictureURL`, `altText`, `favorites`, `price`) VALUES (26, '15.01.2021/20.15', NULL, 'chocolate rolls', 'assets/images', 'chocolate rolls', DEFAULT, 3.50);
INSERT INTO `BurgerCity`.`Products` (`productsId`, `createdAt`, `updatedAt`, `description`, `pictureURL`, `altText`, `favorites`, `price`) VALUES (27, '15.01.2021/20.15', NULL, 'Ben & Jerrys ice cream', 'assets/images', 'Ben & Jerrys ice cream', DEFAULT, 5.99);

COMMIT;


-- -----------------------------------------------------
-- Data for table `BurgerCity`.`Category`
-- -----------------------------------------------------
START TRANSACTION;
USE `BurgerCity`;
INSERT INTO `BurgerCity`.`Category` (`categoryId`, `createdAt`, `updatedAt`, `categoryName`, `description`) VALUES (2, DEFAULT, NULL, 'Snacks', 'some delicious snacks from our kitchen');
INSERT INTO `BurgerCity`.`Category` (`categoryId`, `createdAt`, `updatedAt`, `categoryName`, `description`) VALUES (3, DEFAULT, NULL, 'Desserts', 'food for sweet lovers');
INSERT INTO `BurgerCity`.`Category` (`categoryId`, `createdAt`, `updatedAt`, `categoryName`, `description`) VALUES (4, DEFAULT, NULL, 'Drinks', 'cold and hot drinks');
INSERT INTO `BurgerCity`.`Category` (`categoryId`, `createdAt`, `updatedAt`, `categoryName`, `description`) VALUES (1, DEFAULT, NULL, 'Burger', 'our best burgers');

COMMIT;


-- -----------------------------------------------------
-- Data for table `BurgerCity`.`CategoryHelper`
-- -----------------------------------------------------
START TRANSACTION;
USE `BurgerCity`;
INSERT INTO `BurgerCity`.`CategoryHelper` (`CategoryHelperId`, `createdAt`, `updatedAt`, `Category_categoryId`, `Products_productsId`) VALUES (1, DEFAULT, NULL, 1, 1);
INSERT INTO `BurgerCity`.`CategoryHelper` (`CategoryHelperId`, `createdAt`, `updatedAt`, `Category_categoryId`, `Products_productsId`) VALUES (2, DEFAULT, NULL, 1, 2);
INSERT INTO `BurgerCity`.`CategoryHelper` (`CategoryHelperId`, `createdAt`, `updatedAt`, `Category_categoryId`, `Products_productsId`) VALUES (3, DEFAULT, NULL, 1, 3);
INSERT INTO `BurgerCity`.`CategoryHelper` (`CategoryHelperId`, `createdAt`, `updatedAt`, `Category_categoryId`, `Products_productsId`) VALUES (4, DEFAULT, NULL, 1, 4);
INSERT INTO `BurgerCity`.`CategoryHelper` (`CategoryHelperId`, `createdAt`, `updatedAt`, `Category_categoryId`, `Products_productsId`) VALUES (5, DEFAULT, NULL, 1, 5);
INSERT INTO `BurgerCity`.`CategoryHelper` (`CategoryHelperId`, `createdAt`, `updatedAt`, `Category_categoryId`, `Products_productsId`) VALUES (6, DEFAULT, NULL, 1, 6);
INSERT INTO `BurgerCity`.`CategoryHelper` (`CategoryHelperId`, `createdAt`, `updatedAt`, `Category_categoryId`, `Products_productsId`) VALUES (7, DEFAULT, NULL, 1, 7);
INSERT INTO `BurgerCity`.`CategoryHelper` (`CategoryHelperId`, `createdAt`, `updatedAt`, `Category_categoryId`, `Products_productsId`) VALUES (8, DEFAULT, NULL, 1, 8);
INSERT INTO `BurgerCity`.`CategoryHelper` (`CategoryHelperId`, `createdAt`, `updatedAt`, `Category_categoryId`, `Products_productsId`) VALUES (9, DEFAULT, NULL, 1, 9);
INSERT INTO `BurgerCity`.`CategoryHelper` (`CategoryHelperId`, `createdAt`, `updatedAt`, `Category_categoryId`, `Products_productsId`) VALUES (10, DEFAULT, NULL, 1, 10);
INSERT INTO `BurgerCity`.`CategoryHelper` (`CategoryHelperId`, `createdAt`, `updatedAt`, `Category_categoryId`, `Products_productsId`) VALUES (11, DEFAULT, NULL, 1, 11);
INSERT INTO `BurgerCity`.`CategoryHelper` (`CategoryHelperId`, `createdAt`, `updatedAt`, `Category_categoryId`, `Products_productsId`) VALUES (12, DEFAULT, NULL, 1, 12);
INSERT INTO `BurgerCity`.`CategoryHelper` (`CategoryHelperId`, `createdAt`, `updatedAt`, `Category_categoryId`, `Products_productsId`) VALUES (13, DEFAULT, NULL, 1, 13);
INSERT INTO `BurgerCity`.`CategoryHelper` (`CategoryHelperId`, `createdAt`, `updatedAt`, `Category_categoryId`, `Products_productsId`) VALUES (14, DEFAULT, NULL, 4, 14);
INSERT INTO `BurgerCity`.`CategoryHelper` (`CategoryHelperId`, `createdAt`, `updatedAt`, `Category_categoryId`, `Products_productsId`) VALUES (15, DEFAULT, NULL, 4, 15);
INSERT INTO `BurgerCity`.`CategoryHelper` (`CategoryHelperId`, `createdAt`, `updatedAt`, `Category_categoryId`, `Products_productsId`) VALUES (16, DEFAULT, NULL, 4, 16);
INSERT INTO `BurgerCity`.`CategoryHelper` (`CategoryHelperId`, `createdAt`, `updatedAt`, `Category_categoryId`, `Products_productsId`) VALUES (17, DEFAULT, NULL, 4, 17);
INSERT INTO `BurgerCity`.`CategoryHelper` (`CategoryHelperId`, `createdAt`, `updatedAt`, `Category_categoryId`, `Products_productsId`) VALUES (18, DEFAULT, NULL, 4, 18);
INSERT INTO `BurgerCity`.`CategoryHelper` (`CategoryHelperId`, `createdAt`, `updatedAt`, `Category_categoryId`, `Products_productsId`) VALUES (19, DEFAULT, NULL, 4, 19);
INSERT INTO `BurgerCity`.`CategoryHelper` (`CategoryHelperId`, `createdAt`, `updatedAt`, `Category_categoryId`, `Products_productsId`) VALUES (20, DEFAULT, NULL, 2, 20);
INSERT INTO `BurgerCity`.`CategoryHelper` (`CategoryHelperId`, `createdAt`, `updatedAt`, `Category_categoryId`, `Products_productsId`) VALUES (21, DEFAULT, NULL, 2, 21);
INSERT INTO `BurgerCity`.`CategoryHelper` (`CategoryHelperId`, `createdAt`, `updatedAt`, `Category_categoryId`, `Products_productsId`) VALUES (22, DEFAULT, NULL, 2, 22);
INSERT INTO `BurgerCity`.`CategoryHelper` (`CategoryHelperId`, `createdAt`, `updatedAt`, `Category_categoryId`, `Products_productsId`) VALUES (23, DEFAULT, NULL, 2, 23);
INSERT INTO `BurgerCity`.`CategoryHelper` (`CategoryHelperId`, `createdAt`, `updatedAt`, `Category_categoryId`, `Products_productsId`) VALUES (24, DEFAULT, NULL, 2, 24);
INSERT INTO `BurgerCity`.`CategoryHelper` (`CategoryHelperId`, `createdAt`, `updatedAt`, `Category_categoryId`, `Products_productsId`) VALUES (25, DEFAULT, NULL, 3, 25);
INSERT INTO `BurgerCity`.`CategoryHelper` (`CategoryHelperId`, `createdAt`, `updatedAt`, `Category_categoryId`, `Products_productsId`) VALUES (26, DEFAULT, NULL, 3, 26);
INSERT INTO `BurgerCity`.`CategoryHelper` (`CategoryHelperId`, `createdAt`, `updatedAt`, `Category_categoryId`, `Products_productsId`) VALUES (27, DEFAULT, NULL, 3, 27);

COMMIT;


-- -----------------------------------------------------
-- Data for table `BurgerCity`.`Ingedients`
-- -----------------------------------------------------
START TRANSACTION;
USE `BurgerCity`;
INSERT INTO `BurgerCity`.`Ingedients` (`ingedientsId`, `createdAt`, `updatedAt`, `description`, `numberOfStock`) VALUES (1, '15.01.2021/19.30', NULL, 'Beef Burger', 500);
INSERT INTO `BurgerCity`.`Ingedients` (`ingedientsId`, `createdAt`, `updatedAt`, `description`, `numberOfStock`) VALUES (2, '15.01.2021/19.30', NULL, 'Chicken Burger', 500);
INSERT INTO `BurgerCity`.`Ingedients` (`ingedientsId`, `createdAt`, `updatedAt`, `description`, `numberOfStock`) VALUES (3, '15.01.2021/19.30', NULL, 'Vegatable Burger', 500);
INSERT INTO `BurgerCity`.`Ingedients` (`ingedientsId`, `createdAt`, `updatedAt`, `description`, `numberOfStock`) VALUES (4, '15.01.2021/19.30', NULL, 'sesame bun', 2000);
INSERT INTO `BurgerCity`.`Ingedients` (`ingedientsId`, `createdAt`, `updatedAt`, `description`, `numberOfStock`) VALUES (5, '15.01.2021/19.30', NULL, 'onien', 3000);
INSERT INTO `BurgerCity`.`Ingedients` (`ingedientsId`, `createdAt`, `updatedAt`, `description`, `numberOfStock`) VALUES (6, '15.01.2021/19.30', NULL, 'bacon', 300);
INSERT INTO `BurgerCity`.`Ingedients` (`ingedientsId`, `createdAt`, `updatedAt`, `description`, `numberOfStock`) VALUES (7, '15.01.2021/19.30', NULL, 'tomato', 500);
INSERT INTO `BurgerCity`.`Ingedients` (`ingedientsId`, `createdAt`, `updatedAt`, `description`, `numberOfStock`) VALUES (8, '15.01.2021/19.30', NULL, 'cucumber', 500);
INSERT INTO `BurgerCity`.`Ingedients` (`ingedientsId`, `createdAt`, `updatedAt`, `description`, `numberOfStock`) VALUES (9, '15.01.2021/19.30', NULL, 'lettuce', 1000);
INSERT INTO `BurgerCity`.`Ingedients` (`ingedientsId`, `createdAt`, `updatedAt`, `description`, `numberOfStock`) VALUES (10, '15.01.2021/19.30', NULL, 'egg', 300);
INSERT INTO `BurgerCity`.`Ingedients` (`ingedientsId`, `createdAt`, `updatedAt`, `description`, `numberOfStock`) VALUES (11, '15.01.2021/19.30', NULL, 'cheddar', 1000);
INSERT INTO `BurgerCity`.`Ingedients` (`ingedientsId`, `createdAt`, `updatedAt`, `description`, `numberOfStock`) VALUES (12, '15.01.2021/19.30', NULL, 'lactose free cheese', 300);
INSERT INTO `BurgerCity`.`Ingedients` (`ingedientsId`, `createdAt`, `updatedAt`, `description`, `numberOfStock`) VALUES (13, '15.01.2021/19.30', NULL, 'mozzarella', 300);
INSERT INTO `BurgerCity`.`Ingedients` (`ingedientsId`, `createdAt`, `updatedAt`, `description`, `numberOfStock`) VALUES (14, '15.01.2021/19.30', NULL, 'red onien', 1000);
INSERT INTO `BurgerCity`.`Ingedients` (`ingedientsId`, `createdAt`, `updatedAt`, `description`, `numberOfStock`) VALUES (15, '15.01.2021/19.30', NULL, 'halloumi', 200);
INSERT INTO `BurgerCity`.`Ingedients` (`ingedientsId`, `createdAt`, `updatedAt`, `description`, `numberOfStock`) VALUES (16, '15.01.2021/19.30', NULL, 'jalapeño', 300);
INSERT INTO `BurgerCity`.`Ingedients` (`ingedientsId`, `createdAt`, `updatedAt`, `description`, `numberOfStock`) VALUES (17, '15.01.2021/19.30', NULL, 'corn', 300);
INSERT INTO `BurgerCity`.`Ingedients` (`ingedientsId`, `createdAt`, `updatedAt`, `description`, `numberOfStock`) VALUES (18, '15.01.2021/19.30', NULL, 'red beans', 300);
INSERT INTO `BurgerCity`.`Ingedients` (`ingedientsId`, `createdAt`, `updatedAt`, `description`, `numberOfStock`) VALUES (19, '15.01.2021/19.30', NULL, 'ketchup', 2000);
INSERT INTO `BurgerCity`.`Ingedients` (`ingedientsId`, `createdAt`, `updatedAt`, `description`, `numberOfStock`) VALUES (20, '15.01.2021/19.30', NULL, 'sour cream', 1000);
INSERT INTO `BurgerCity`.`Ingedients` (`ingedientsId`, `createdAt`, `updatedAt`, `description`, `numberOfStock`) VALUES (21, '15.01.2021/19.30', NULL, 'burger sauce', 2000);
INSERT INTO `BurgerCity`.`Ingedients` (`ingedientsId`, `createdAt`, `updatedAt`, `description`, `numberOfStock`) VALUES (22, '15.01.2021/19.30', NULL, 'wasabi', 500);
INSERT INTO `BurgerCity`.`Ingedients` (`ingedientsId`, `createdAt`, `updatedAt`, `description`, `numberOfStock`) VALUES (23, '15.01.2021/19.30', NULL, 'mayonnaise', 1000);
INSERT INTO `BurgerCity`.`Ingedients` (`ingedientsId`, `createdAt`, `updatedAt`, `description`, `numberOfStock`) VALUES (24, '15.01.2021/19.30', NULL, 'BBQ sauce', 2000);
INSERT INTO `BurgerCity`.`Ingedients` (`ingedientsId`, `createdAt`, `updatedAt`, `description`, `numberOfStock`) VALUES (25, '15.01.2021/19.30', NULL, 'balsamic mayonnaise', 1000);
INSERT INTO `BurgerCity`.`Ingedients` (`ingedientsId`, `createdAt`, `updatedAt`, `description`, `numberOfStock`) VALUES (26, '15.01.2021/19.30', NULL, 'rye bun', 2000);

COMMIT;

